sample_id,patient_id,nonsynonymous_mut_mb,tmb_included,tmb_reason
TCGA-A1-A0SK-01,TCGA-A1-A0SK,2.033333333,True,included
TCGA-A1-A0SO-01,TCGA-A1-A0SO,9.066666667,True,included
TCGA-A1-A0SP-01,TCGA-A1-A0SP,1.7,True,included
TCGA-A2-A04P-01,TCGA-A2-A04P,4.266666667,True,included
TCGA-A2-A04Q-01,TCGA-A2-A04Q,1.566666667,True,included
TCGA-A2-A04T-01,TCGA-A2-A04T,2.933333333,True,included
TCGA-A2-A0CM-01,TCGA-A2-A0CM,1.733333333,True,included
TCGA-A2-A0D0-01,TCGA-A2-A0D0,2.466666667,True,included
TCGA-A2-A0D2-01,TCGA-A2-A0D2,2.7,True,included
TCGA-A2-A0ST-01,TCGA-A2-A0ST,0.5,True,included
TCGA-A2-A0SX-01,TCGA-A2-A0SX,0.766666667,True,included
TCGA-A2-A0T0-01,TCGA-A2-A0T0,5.566666667,True,included
TCGA-A2-A0T2-01,TCGA-A2-A0T2,0.933333333,True,included
TCGA-A2-A0YE-01,TCGA-A2-A0YE,0.933333333,True,included
TCGA-A2-A0YM-01,TCGA-A2-A0YM,2.566666667,True,included
TCGA-A2-A1G6-01,TCGA-A2-A1G6,0.266666667,True,included
TCGA-A2-A3XS-01,TCGA-A2-A3XS,0.0,True,included
TCGA-A2-A3XT-01,TCGA-A2-A3XT,2.266666667,True,included
TCGA-A2-A3XU-01,TCGA-A2-A3XU,0.7,True,included
TCGA-A2-A3XX-01,TCGA-A2-A3XX,1.1,True,included
TCGA-A2-A3XY-01,TCGA-A2-A3XY,0.0,True,included
TCGA-A7-A0CE-01,TCGA-A7-A0CE,6.0,True,included
TCGA-A7-A0DA-01,TCGA-A7-A0DA,5.033333333,True,included
TCGA-A7-A26F-01,TCGA-A7-A26F,1.233333333,True,included
TCGA-A7-A26G-01,TCGA-A7-A26G,1.5,True,included
TCGA-A7-A26I-01,TCGA-A7-A26I,1.166666667,True,included
TCGA-A7-A4SD-01,TCGA-A7-A4SD,2.966666667,True,included
TCGA-A7-A4SE-01,TCGA-A7-A4SE,6.133333333,True,included
TCGA-A7-A5ZV-01,TCGA-A7-A5ZV,5.4,True,included
TCGA-A7-A6VV-01,TCGA-A7-A6VV,1.433333333,True,included
TCGA-A7-A6VW-01,TCGA-A7-A6VW,1.866666667,True,included
TCGA-A7-A6VY-01,TCGA-A7-A6VY,3.166666667,True,included
TCGA-A8-A07C-01,TCGA-A8-A07C,4.566666667,True,included
TCGA-A8-A07O-01,TCGA-A8-A07O,1.266666667,True,included
TCGA-A8-A08R-01,TCGA-A8-A08R,7.566666667,True,included
TCGA-A8-A09X-01,TCGA-A8-A09X,1.533333333,True,included
TCGA-AC-A2BK-01,TCGA-AC-A2BK,2.633333333,True,included
TCGA-AC-A2QH-01,TCGA-AC-A2QH,0.9,True,included
TCGA-AC-A2QJ-01,TCGA-AC-A2QJ,0.0,True,included
TCGA-AC-A6IW-01,TCGA-AC-A6IW,4.366666667,True,included
TCGA-AC-A7VC-01,TCGA-AC-A7VC,0.5,True,included
TCGA-AN-A04D-01,TCGA-AN-A04D,2.8,True,included
TCGA-AN-A0AL-01,TCGA-AN-A0AL,2.666666667,True,included
TCGA-AN-A0AR-01,TCGA-AN-A0AR,3.666666667,True,included
TCGA-AN-A0AT-01,TCGA-AN-A0AT,3.933333333,True,included
TCGA-AN-A0G0-01,TCGA-AN-A0G0,1.066666667,True,included
TCGA-AN-A0XU-01,TCGA-AN-A0XU,3.833333333,True,included
TCGA-AO-A03U-01,TCGA-AO-A03U,0.166666667,True,included
TCGA-AO-A0J2-01,TCGA-AO-A0J2,1.766666667,True,included
TCGA-AO-A0J4-01,TCGA-AO-A0J4,3.466666667,True,included
TCGA-AO-A0J6-01,TCGA-AO-A0J6,3.333333333,True,included
TCGA-AO-A124-01,TCGA-AO-A124,4.533333333,True,included
TCGA-AO-A128-01,TCGA-AO-A128,27.96666667,True,included
TCGA-AO-A129-01,TCGA-AO-A129,3.666666667,True,included
TCGA-AO-A12F-01,TCGA-AO-A12F,1.166666667,True,included
TCGA-AO-A1KR-01,TCGA-AO-A1KR,2.133333333,True,included
TCGA-AQ-A04J-01,TCGA-AQ-A04J,2.3,True,included
TCGA-AQ-A54N-01,TCGA-AQ-A54N,0.0,True,included
TCGA-AR-A0TS-01,TCGA-AR-A0TS,2.3,True,included
TCGA-AR-A0TU-01,TCGA-AR-A0TU,2.066666667,True,included
TCGA-AR-A0U4-01,TCGA-AR-A0U4,4.833333333,True,included
TCGA-AR-A1AI-01,TCGA-AR-A1AI,2.333333333,True,included
TCGA-AR-A1AQ-01,TCGA-AR-A1AQ,1.266666667,True,included
TCGA-AR-A1AR-01,TCGA-AR-A1AR,1.566666667,True,included
TCGA-AR-A1AY-01,TCGA-AR-A1AY,1.9,True,included
TCGA-AR-A256-01,TCGA-AR-A256,5.666666667,True,included
TCGA-AR-A2LH-01,TCGA-AR-A2LH,2.0,True,included
TCGA-AR-A2LR-01,TCGA-AR-A2LR,,False,missing_sample_metadata
TCGA-AR-A5QQ-01,TCGA-AR-A5QQ,2.233333333,True,included
TCGA-B6-A3ZX-01,TCGA-B6-A3ZX,0.0,True,included
TCGA-B6-A400-01,TCGA-B6-A400,0.0,True,included
TCGA-B6-A402-01,TCGA-B6-A402,0.0,True,included
TCGA-B6-A409-01,TCGA-B6-A409,0.966666667,True,included
TCGA-BH-A0AV-01,TCGA-BH-A0AV,1.866666667,True,included
TCGA-BH-A0B3-01,TCGA-BH-A0B3,2.466666667,True,included
TCGA-BH-A0B9-01,TCGA-BH-A0B9,1.0,True,included
TCGA-BH-A0BG-01,TCGA-BH-A0BG,1.133333333,True,included
TCGA-BH-A0BL-01,TCGA-BH-A0BL,3.6,True,included
TCGA-BH-A0BW-01,TCGA-BH-A0BW,4.7,True,included
TCGA-BH-A0E0-01,TCGA-BH-A0E0,1.966666667,True,included
TCGA-BH-A0E6-01,TCGA-BH-A0E6,2.3,True,included
TCGA-BH-A0RX-01,TCGA-BH-A0RX,1.3,True,included
TCGA-BH-A0WA-01,TCGA-BH-A0WA,2.966666667,True,included
TCGA-BH-A18G-01,TCGA-BH-A18G,41.83333333,True,included
TCGA-BH-A18V-01,TCGA-BH-A18V,5.933333333,True,included
TCGA-BH-A1EW-01,TCGA-BH-A1EW,0.466666667,True,included
TCGA-BH-A1F6-01,TCGA-BH-A1F6,1.1,True,included
TCGA-BH-A1FC-01,TCGA-BH-A1FC,3.433333333,True,included
TCGA-BH-A42U-01,TCGA-BH-A42U,0.633333333,True,included
TCGA-C8-A12V-01,TCGA-C8-A12V,1.433333333,True,included
TCGA-C8-A131-01,TCGA-C8-A131,1.933333333,True,included
TCGA-C8-A1HJ-01,TCGA-C8-A1HJ,3.2,True,included
TCGA-C8-A26X-01,TCGA-C8-A26X,2.3,True,included
TCGA-C8-A26Y-01,TCGA-C8-A26Y,21.36666667,True,included
TCGA-C8-A27B-01,TCGA-C8-A27B,4.1,True,included
TCGA-C8-A3M7-01,TCGA-C8-A3M7,4.333333333,True,included
TCGA-D8-A13Z-01,TCGA-D8-A13Z,2.766666667,True,included
TCGA-D8-A142-01,TCGA-D8-A142,3.833333333,True,included
TCGA-D8-A143-01,TCGA-D8-A143,1.633333333,True,included
TCGA-D8-A147-01,TCGA-D8-A147,4.9,True,included
TCGA-D8-A1JF-01,TCGA-D8-A1JF,1.366666667,True,included
TCGA-D8-A1JG-01,TCGA-D8-A1JG,4.466666667,True,included
TCGA-D8-A1JL-01,TCGA-D8-A1JL,2.933333333,True,included
TCGA-D8-A1XK-01,TCGA-D8-A1XK,32.36666667,True,included
TCGA-D8-A1XQ-01,TCGA-D8-A1XQ,26.63333333,True,included
TCGA-D8-A27F-01,TCGA-D8-A27F,2.033333333,True,included
TCGA-D8-A27H-01,TCGA-D8-A27H,4.1,True,included
TCGA-D8-A27M-01,TCGA-D8-A27M,2.366666667,True,included
TCGA-E2-A14N-01,TCGA-E2-A14N,2.566666667,True,included
TCGA-E2-A14R-01,TCGA-E2-A14R,3.7,True,included
TCGA-E2-A14X-01,TCGA-E2-A14X,0.866666667,True,included
TCGA-E2-A150-01,TCGA-E2-A150,2.3,True,included
TCGA-E2-A158-01,TCGA-E2-A158,3.2,True,included
TCGA-E2-A159-01,TCGA-E2-A159,4.366666667,True,included
TCGA-E2-A1AZ-01,TCGA-E2-A1AZ,1.666666667,True,included
TCGA-E2-A1B6-01,TCGA-E2-A1B6,1.433333333,True,included
TCGA-E2-A1L7-01,TCGA-E2-A1L7,2.066666667,True,included
TCGA-E2-A1LG-01,TCGA-E2-A1LG,4.8,True,included
TCGA-E2-A1LH-01,TCGA-E2-A1LH,6.066666667,True,included
TCGA-E2-A1LI-01,TCGA-E2-A1LI,0.9,True,included
TCGA-E2-A1LK-01,TCGA-E2-A1LK,1.2,True,included
TCGA-E2-A1LL-01,TCGA-E2-A1LL,1.433333333,True,included
TCGA-E2-A1LS-01,TCGA-E2-A1LS,2.1,True,included
TCGA-E2-A573-01,TCGA-E2-A573,1.566666667,True,included
TCGA-E2-A574-01,TCGA-E2-A574,3.033333333,True,included
TCGA-E9-A5FL-01,TCGA-E9-A5FL,2.766666667,True,included
TCGA-EW-A1OV-01,TCGA-EW-A1OV,3.3,True,included
TCGA-EW-A1OW-01,TCGA-EW-A1OW,0.0,True,included
TCGA-EW-A1P1-01,TCGA-EW-A1P1,0.066666667,True,included
TCGA-EW-A1P4-01,TCGA-EW-A1P4,1.966666667,True,included
TCGA-EW-A1P7-01,TCGA-EW-A1P7,0.666666667,True,included
TCGA-EW-A1P8-01,TCGA-EW-A1P8,0.933333333,True,included
TCGA-EW-A1PB-01,TCGA-EW-A1PB,4.366666667,True,included
TCGA-EW-A1PH-01,TCGA-EW-A1PH,1.566666667,True,included
TCGA-EW-A3U0-01,TCGA-EW-A3U0,0.0,True,included
TCGA-EW-A6SB-01,TCGA-EW-A6SB,2.2,True,included
TCGA-GI-A2C9-01,TCGA-GI-A2C9,0.0,True,included
TCGA-GM-A2DB-01,TCGA-GM-A2DB,4.166666667,True,included
TCGA-GM-A2DD-01,TCGA-GM-A2DD,1.7,True,included
TCGA-GM-A2DF-01,TCGA-GM-A2DF,1.233333333,True,included
TCGA-GM-A2DH-01,TCGA-GM-A2DH,5.766666667,True,included
TCGA-GM-A2DI-01,TCGA-GM-A2DI,2.266666667,True,included
TCGA-GM-A3XL-01,TCGA-GM-A3XL,2.933333333,True,included
TCGA-HN-A2NL-01,TCGA-HN-A2NL,2.433333333,True,included
TCGA-LL-A441-01,TCGA-LL-A441,0.0,True,included
TCGA-LL-A5YO-01,TCGA-LL-A5YO,1.366666667,True,included
TCGA-LL-A73Y-01,TCGA-LL-A73Y,3.433333333,True,included
TCGA-LL-A740-01,TCGA-LL-A740,1.433333333,True,included
TCGA-OL-A5D6-01,TCGA-OL-A5D6,1.133333333,True,included
TCGA-OL-A5D7-01,TCGA-OL-A5D7,1.766666667,True,included
TCGA-OL-A5RW-01,TCGA-OL-A5RW,4.866666667,True,included
TCGA-OL-A66I-01,TCGA-OL-A66I,1.3,True,included
TCGA-OL-A66P-01,TCGA-OL-A66P,3.166666667,True,included
TCGA-OL-A6VO-01,TCGA-OL-A6VO,1.1,True,included
TCGA-OL-A97C-01,TCGA-OL-A97C,2.0,True,included
TCGA-S3-AA10-01,TCGA-S3-AA10,4.533333333,True,included
TCGA-S3-AA15-01,TCGA-S3-AA15,1.166666667,True,included
