reference,title,citation_identity_status,source_url,used_by,reviewed_on
DOI:10.1002/cncr.34657,Efficacy and safety of pembrolizumab monotherapy in patients with advanced thyroid cancer in the phase 2 KEYNOTE-158 study.,identifier_resolved_only,https://doi.org/10.1002/cncr.34657,baseline:cancer-apd1-response:THCA;baseline:cancer-ici-response-estimates:THCA;baseline:cancer-ici-response:THCA;current:cancer-apd1-response:THCA;current:cancer-ici-response-estimates:THCA;current:cancer-ici-response:THCA,2026-09-15
DOI:10.1016/j.annonc.2023.10.123,Final analysis of phase II results with cemiplimab in metastatic basal cell carcinoma after hedgehog pathway inhibitors.,identifier_resolved_only,https://doi.org/10.1016/j.annonc.2023.10.123,baseline:cancer-ici-response-estimates:BCC;current:cancer-ici-response-estimates:BCC,2026-09-15
DOI:10.1016/j.cell.2017.10.014,Comprehensive and Integrated Genomic Characterization of Adult Soft Tissue Sarcomas.,identifier_resolved_only,https://doi.org/10.1016/j.cell.2017.10.014,baseline:cancer-tmb:SARC;baseline:cancer-tmb:SARC_DDLPS;baseline:cancer-tmb:SARC_LMS;baseline:cancer-tmb:SARC_LPS_UNSPEC;baseline:cancer-tmb:SARC_MYXFIB;baseline:cancer-tmb:SARC_SYN;baseline:cancer-tmb:SARC_UPS;current:cancer-tmb:SARC;current:cancer-tmb:SARC_DDLPS;current:cancer-tmb:SARC_LMS;current:cancer-tmb:SARC_LPS_UNSPEC;current:cancer-tmb:SARC_MYXFIB;current:cancer-tmb:SARC_SYN;current:cancer-tmb:SARC_UPS,2026-09-15
DOI:10.1016/j.celrep.2024.113826,The genomic and evolutionary landscapes of anaplastic thyroid carcinoma.,identifier_resolved_only,https://doi.org/10.1016/j.celrep.2024.113826,baseline:cancer-tmb:ATC;current:cancer-tmb:ATC,2026-09-15
DOI:10.1016/j.ejca.2018.11.015,"Durvalumab for recurrent or metastatic head and neck squamous cell carcinoma: Results from a single-arm, phase II study in patients with ≥25% tumour cell PD-L1 expression who have progressed on platinum-based chemotherapy.",identifier_resolved_only,https://doi.org/10.1016/j.ejca.2018.11.015,baseline:cancer-ici-response-estimates:HNSC;baseline:cancer-ici-response:HNSC;current:cancer-ici-response-estimates:HNSC;current:cancer-ici-response:HNSC,2026-09-15
DOI:10.1038/s41416-020-0775-0,"Pembrolizumab monotherapy in patients with previously treated metastatic high-grade neuroendocrine neoplasms: joint analysis of two prospective, non-randomised trials.",identifier_resolved_only,https://doi.org/10.1038/s41416-020-0775-0,baseline:cancer-apd1-response:NEN_EXTRAPULMONARY_HG;baseline:cancer-ici-response-estimates:NEN_EXTRAPULMONARY_HG;baseline:cancer-ici-response:NEN_EXTRAPULMONARY_HG;current:cancer-apd1-response:NEN_EXTRAPULMONARY_HG;current:cancer-ici-response-estimates:NEN_EXTRAPULMONARY_HG;current:cancer-ici-response:NEN_EXTRAPULMONARY_HG,2026-09-15
DOI:10.1038/s41591-023-02518-x,Nivolumab plus ipilimumab in advanced salivary gland cancer: a phase 2 trial.,identifier_resolved_only,https://doi.org/10.1038/s41591-023-02518-x,baseline:cancer-apd1-response:ADCC;baseline:cancer-ici-response-estimates:ACINIC;baseline:cancer-ici-response-estimates:ADCC;baseline:cancer-ici-response:ADCC;current:cancer-apd1-response:ADCC;current:cancer-ici-response-estimates:ACINIC;current:cancer-ici-response-estimates:ADCC;current:cancer-ici-response:ADCC,2026-09-15
DOI:10.1038/s41598-018-31659-0,An integrated genomic analysis of anaplastic meningioma identifies prognostic molecular signatures.,identifier_resolved_only,https://doi.org/10.1038/s41598-018-31659-0,baseline:cancer-tmb:MENINGIOMA;current:cancer-tmb:MENINGIOMA,2026-09-15
DOI:10.1038/s41698-022-00327-y,Comprehensive clinicopathological and genomic profiling of gallbladder cancer reveals actionable targets in half of patients.,identifier_resolved_only,https://doi.org/10.1038/s41698-022-00327-y,baseline:cancer-tmb:GBC;current:cancer-tmb:GBC,2026-09-15
DOI:10.1056/EVIDoa2100070,Tremelimumab plus Durvalumab in Unresectable Hepatocellular Carcinoma.,identifier_resolved_only,https://doi.org/10.1056/EVIDoa2100070,baseline:cancer-ici-response-estimates:LIHC;baseline:cancer-ici-response:LIHC;current:cancer-ici-response-estimates:LIHC;current:cancer-ici-response:LIHC,2026-09-15
DOI:10.1080/10428194.2022.2034155,Pembrolizumab for myelodysplastic syndromes after failure of hypomethylating agents in the phase 1b KEYNOTE-013 study.,identifier_resolved_only,https://doi.org/10.1080/10428194.2022.2034155,baseline:cancer-apd1-response:MDS;baseline:cancer-ici-response-estimates:MDS;baseline:cancer-ici-response:MDS;current:cancer-apd1-response:MDS;current:cancer-ici-response-estimates:MDS;current:cancer-ici-response:MDS,2026-09-15
DOI:10.1158/1078-0432.CCR-19-3356,A Phase II Basket Trial of Dual Anti-CTLA-4 and Anti-PD-1 Blockade in Rare Tumors (DART SWOG 1609) in Patients with Nonpancreatic Neuroendocrine Tumors.,identifier_resolved_only,https://doi.org/10.1158/1078-0432.CCR-19-3356,baseline:cancer-ici-response-estimates:NEC_LUNG_LARGECELL;current:cancer-ici-response-estimates:NEC_LUNG_LARGECELL,2026-09-15
DOI:10.1158/1078-0432.CCR-20-4729,,identifier_unresolved,https://doi.org/10.1158/1078-0432.CCR-20-4729,baseline:cancer-ici-response-estimates:NEC_LUNG_LARGECELL,2026-09-15
DOI:10.1182/blood-2017-02-765685,Pembrolizumab in patients with CLL and Richter transformation or with relapsed CLL.,identifier_resolved_only,https://doi.org/10.1182/blood-2017-02-765685,baseline:cancer-apd1-response:CLL;baseline:cancer-ici-response-estimates:CLL;baseline:cancer-ici-response:CLL;current:cancer-apd1-response:CLL;current:cancer-ici-response-estimates:CLL;current:cancer-ici-response:CLL,2026-09-15
DOI:10.1182/blood.2019004753,"Efficacy and safety results from CheckMate 140, a phase 2 study of nivolumab for relapsed/refractory follicular lymphoma.",identifier_resolved_only,https://doi.org/10.1182/blood.2019004753,baseline:cancer-apd1-response:FL;baseline:cancer-ici-response-estimates:FL;baseline:cancer-ici-response:FL;current:cancer-apd1-response:FL;current:cancer-ici-response-estimates:FL;current:cancer-ici-response:FL,2026-09-15
DOI:10.1200/JCO.20.01605,"Five-Year Outcomes From the Randomized, Phase III Trials CheckMate 017 and 057: Nivolumab Versus Docetaxel in Previously Treated Non-Small-Cell Lung Cancer.",identifier_resolved_only,https://doi.org/10.1200/JCO.20.01605,baseline:cancer-ici-response-estimates:LUSC;current:cancer-ici-response-estimates:LUSC,2026-09-15
DOI:10.1200/JCO.2019.37.15_suppl.11015,Clinical activity of pembrolizumab in undifferentiated pleomorphic sarcoma and dedifferentiated/pleomorphic liposarcoma: Final results of SARC028 expansion cohorts.,publisher_identity_checked,https://ascopubs.org/doi/10.1200/JCO.2019.37.15_suppl.11015,baseline:cancer-apd1-response:SARC_DDLPS;baseline:cancer-apd1-response:SARC_UPS;baseline:cancer-ici-response-estimates:SARC_DDLPS;baseline:cancer-ici-response-estimates:SARC_UPS;baseline:cancer-ici-response:SARC_DDLPS;baseline:cancer-ici-response:SARC_UPS;current:cancer-apd1-response:SARC_DDLPS;current:cancer-apd1-response:SARC_UPS;current:cancer-ici-response-estimates:SARC_DDLPS;current:cancer-ici-response-estimates:SARC_UPS;current:cancer-ici-response:SARC_DDLPS;current:cancer-ici-response:SARC_UPS,2026-09-15
DOI:10.1200/JCO.2019.37.15_suppl.4569,KEYNOTE-427 cohort B: First-line pembrolizumab monotherapy for advanced non-clear cell renal cell carcinoma.,publisher_identity_checked,https://ascopubs.org/doi/10.1200/JCO.2019.37.15_suppl.4569,baseline:cancer-ici-response-estimates:RCC_NCC;baseline:cancer-ici-response-estimates:RCC_NCC_UNCLASSIFIED;current:cancer-ici-response-estimates:RCC_NCC;current:cancer-ici-response-estimates:RCC_NCC_UNCLASSIFIED,2026-09-15
DOI:10.1200/JCO.2020.38.15_suppl.6513,A phase II study of nivolumab plus ipilimumab in radioiodine refractory differentiated thyroid cancer with exploratory ATC and MTC cohorts.,publisher_identity_checked,https://ascopubs.org/doi/10.1200/JCO.2020.38.15_suppl.6513,baseline:cancer-apd1-response:ATC;baseline:cancer-ici-response-estimates:ATC;baseline:cancer-ici-response:ATC;current:cancer-apd1-response:ATC;current:cancer-ici-response-estimates:ATC;current:cancer-ici-response:ATC,2026-09-15
DOI:10.1200/PO.23.00406,Phase II Study of Erdafitinib in Patients With Tumors With <i>FGFR</i> Amplifications: Results From the NCI-MATCH ECOG-ACRIN Trial (EAY131) Subprotocol K1.,identifier_resolved_only,https://doi.org/10.1200/PO.23.00406,baseline:cancer-tmb:PENSCC,2026-09-15
DOI:10.21037/atm.2019.09.49,Definitive radiation for early stage lung cancer: who is medically inoperable?,identifier_resolved_only,https://doi.org/10.21037/atm.2019.09.49,baseline:cancer-tmb:UVM,2026-09-15
DOI:10.3390/cancers12082307,Phase II Clinical Trial of Pembrolizumab in Patients with Progressive Metastatic Pheochromocytomas and Paragangliomas.,identifier_resolved_only,https://doi.org/10.3390/cancers12082307,baseline:cancer-apd1-response:PCPG;baseline:cancer-ici-response-estimates:PCPG;baseline:cancer-ici-response:PCPG;current:cancer-apd1-response:PCPG;current:cancer-ici-response-estimates:PCPG;current:cancer-ici-response:PCPG,2026-09-15
DOI:10.3390/cancers18050737,Tumor Mutational Burden as a Prognostic Biomarker in Follicular Lymphoma.,identifier_resolved_only,https://doi.org/10.3390/cancers18050737,baseline:cancer-tmb:FL;current:cancer-tmb:FL,2026-09-15
NCT02054806,,trial_registry_not_revalidated,https://clinicaltrials.gov/study/NCT02054806,,2026-09-15
PMID:22072557,The BRAF V600E mutation in hairy cell leukemia and other mature B-cell neoplasms.,identifier_resolved_only,https://pubmed.ncbi.nlm.nih.gov/22072557/,baseline:cancer-tmb:HCL;current:cancer-tmb:HCL,2026-09-15
PMID:23000897,Comprehensive molecular portraits of human breast tumours.,identifier_resolved_only,https://pubmed.ncbi.nlm.nih.gov/23000897/,baseline:cancer-tmb:BRCA_Basal;baseline:cancer-tmb:BRCA_HER2;baseline:cancer-tmb:BRCA_LumA;baseline:cancer-tmb:BRCA_LumB;baseline:cancer-tmb:BRCA_Normal;current:cancer-tmb:BRCA_Basal;current:cancer-tmb:BRCA_HER2;current:cancer-tmb:BRCA_LumA;current:cancer-tmb:BRCA_LumB;current:cancer-tmb:BRCA_Normal,2026-09-15
PMID:23143597,The genetic landscape of mutations in Burkitt lymphoma.,identifier_resolved_only,https://pubmed.ncbi.nlm.nih.gov/23143597/,baseline:cancer-tmb:BL;current:cancer-tmb:BL,2026-09-15
PMID:23290440,Emerging importance of mutational analysis in myelodysplastic syndrome and acute myelogenous leukemia.,identifier_resolved_only,https://pubmed.ncbi.nlm.nih.gov/23290440/,baseline:cancer-tmb:MDS,2026-09-15
PMID:23636398,Integrated genomic characterization of endometrial carcinoma.,identifier_resolved_only,https://pubmed.ncbi.nlm.nih.gov/23636398/,baseline:cancer-tmb:UCEC_CNH;baseline:cancer-tmb:UCEC_CNL;baseline:cancer-tmb:UCEC_MSI;baseline:cancer-tmb:UCEC_POLE;current:cancer-tmb:UCEC_CNH;current:cancer-tmb:UCEC_CNL,2026-09-15
PMID:23685749,The mutational landscape of adenoid cystic carcinoma.,identifier_resolved_only,https://pubmed.ncbi.nlm.nih.gov/23685749/,baseline:cancer-tmb:ADCC,2026-09-15
PMID:23770567,Mutational heterogeneity in cancer and the search for new cancer-associated genes.,identifier_resolved_only,https://pubmed.ncbi.nlm.nih.gov/23770567/,baseline:cancer-tmb:BLCA;baseline:cancer-tmb:BRCA;baseline:cancer-tmb:CESC;baseline:cancer-tmb:CLL;baseline:cancer-tmb:COAD;baseline:cancer-tmb:DLBC;baseline:cancer-tmb:ESCA;baseline:cancer-tmb:GBM;baseline:cancer-tmb:HNSC;baseline:cancer-tmb:KIRC;baseline:cancer-tmb:LAML;baseline:cancer-tmb:LGG;baseline:cancer-tmb:LUAD;baseline:cancer-tmb:LUSC;baseline:cancer-tmb:MBL;baseline:cancer-tmb:MM;baseline:cancer-tmb:OV;baseline:cancer-tmb:PRAD;baseline:cancer-tmb:READ;baseline:cancer-tmb:RT;baseline:cancer-tmb:SKCM;baseline:cancer-tmb:UCEC;current:cancer-tmb:BLCA;current:cancer-tmb:BRCA;current:cancer-tmb:CESC;current:cancer-tmb:CLL;current:cancer-tmb:COAD;current:cancer-tmb:DLBC;current:cancer-tmb:ESCA;current:cancer-tmb:GBM;current:cancer-tmb:HNSC;current:cancer-tmb:KIRC;current:cancer-tmb:LAML;current:cancer-tmb:LGG;current:cancer-tmb:LUAD;current:cancer-tmb:LUSC;current:cancer-tmb:MBL;current:cancer-tmb:MM;current:cancer-tmb:OV;current:cancer-tmb:PRAD;current:cancer-tmb:READ;current:cancer-tmb:RT;current:cancer-tmb:SKCM;current:cancer-tmb:UCEC,2026-09-15
PMID:23770587,Activity-dependent phosphorylation of MeCP2 threonine 308 regulates interaction with NCoR.,identifier_resolved_only,https://pubmed.ncbi.nlm.nih.gov/23770587/,baseline:cancer-tmb:MCL,2026-09-15
PMID:24413733,Exome sequencing identifies BRAF mutations in papillary craniopharyngiomas.,identifier_resolved_only,https://pubmed.ncbi.nlm.nih.gov/24413733/,baseline:cancer-tmb:CRANIO;current:cancer-tmb:CRANIO,2026-09-15
PMID:24670920,Frequent mutations in chromatin-remodelling genes in pulmonary carcinoids.,identifier_resolved_only,https://pubmed.ncbi.nlm.nih.gov/24670920/,baseline:cancer-tmb:NET_LUNG;current:cancer-tmb:NET_LUNG,2026-09-15
PMID:24927297,One-step synthesis of unsymmetrical N-alkyl-N'-aryl perylene diimides.,identifier_resolved_only,https://pubmed.ncbi.nlm.nih.gov/24927297/,baseline:cancer-tmb:cSCC,2026-09-15
PMID:25079317,Comprehensive molecular characterization of gastric adenocarcinoma.,identifier_resolved_only,https://pubmed.ncbi.nlm.nih.gov/25079317/,baseline:cancer-tmb:STAD_MSI;current:cancer-tmb:STAD_MSI,2026-09-15
PMID:25631445,Comprehensive genomic characterization of head and neck squamous cell carcinomas.,identifier_resolved_only,https://pubmed.ncbi.nlm.nih.gov/25631445/,baseline:cancer-tmb:HNSC_HPVneg;baseline:cancer-tmb:HNSC_HPVpos;current:cancer-tmb:HNSC_HPVneg;current:cancer-tmb:HNSC_HPVpos,2026-09-15
PMID:25891173,Pembrolizumab versus Ipilimumab in Advanced Melanoma.,identifier_resolved_only,https://pubmed.ncbi.nlm.nih.gov/25891173/,baseline:cancer-ici-response-estimates:SKCM;current:cancer-ici-response-estimates:SKCM,2026-09-15
PMID:26027431,Combined Nivolumab and Ipilimumab or Monotherapy in Untreated Melanoma.,identifier_resolved_only,https://pubmed.ncbi.nlm.nih.gov/26027431/,baseline:cancer-ici-response-estimates:SKCM;baseline:cancer-ici-response:SKCM;current:cancer-ici-response-estimates:SKCM;current:cancer-ici-response:SKCM,2026-09-15
PMID:26028255,PD-1 Blockade in Tumors with Mismatch-Repair Deficiency.,identifier_resolved_only,https://pubmed.ncbi.nlm.nih.gov/26028255/,baseline:cancer-apd1-response:COAD_MSS;baseline:cancer-apd1-response:READ_MSS;baseline:cancer-ici-response-estimates:COAD_MSS;baseline:cancer-ici-response-estimates:CRC_MSI;baseline:cancer-ici-response-estimates:READ_MSS;baseline:cancer-ici-response:COAD_MSS;baseline:cancer-ici-response:READ_MSS;current:cancer-apd1-response:COAD_MSS;current:cancer-apd1-response:READ_MSS;current:cancer-ici-response-estimates:COAD_MSS;current:cancer-ici-response-estimates:CRC_MSI;current:cancer-ici-response-estimates:READ_MSS;current:cancer-ici-response:COAD_MSS;current:cancer-ici-response:READ_MSS,2026-09-15
PMID:26028407,Nivolumab versus Docetaxel in Advanced Squamous-Cell Non-Small-Cell Lung Cancer.,identifier_resolved_only,https://pubmed.ncbi.nlm.nih.gov/26028407/,baseline:cancer-apd1-response:LUSC;baseline:cancer-ici-response-estimates:LUSC;baseline:cancer-ici-response:LUSC;current:cancer-apd1-response:LUSC;current:cancer-ici-response-estimates:LUSC;current:cancer-ici-response:LUSC,2026-09-15
PMID:26168399,Comprehensive genomic profiles of small cell lung cancer.,identifier_resolved_only,https://pubmed.ncbi.nlm.nih.gov/26168399/,baseline:cancer-tmb:NEC_LUNG;baseline:cancer-tmb:SCLC;current:cancer-tmb:NEC_LUNG;current:cancer-tmb:SCLC,2026-09-15
PMID:26406148,Nivolumab versus Everolimus in Advanced Renal-Cell Carcinoma.,identifier_resolved_only,https://pubmed.ncbi.nlm.nih.gov/26406148/,baseline:cancer-apd1-response:KIRC;baseline:cancer-ici-response-estimates:KIRC;baseline:cancer-ici-response:KIRC;current:cancer-apd1-response:KIRC;current:cancer-ici-response-estimates:KIRC;current:cancer-ici-response:KIRC,2026-09-15
PMID:26412456,Nivolumab versus Docetaxel in Advanced Nonsquamous Non-Small-Cell Lung Cancer.,identifier_resolved_only,https://pubmed.ncbi.nlm.nih.gov/26412456/,baseline:cancer-apd1-response:LUAD;baseline:cancer-ici-response-estimates:LUAD;baseline:cancer-ici-response:LUAD;current:cancer-apd1-response:LUAD;current:cancer-ici-response-estimates:LUAD;current:cancer-ici-response:LUAD,2026-09-15
PMID:26952546,"Atezolizumab in patients with locally advanced and metastatic urothelial carcinoma who have progressed following treatment with platinum-based chemotherapy: a single-arm, multicentre, phase 2 trial.",identifier_resolved_only,https://pubmed.ncbi.nlm.nih.gov/26952546/,baseline:cancer-ici-response-estimates:BLCA;current:cancer-ici-response-estimates:BLCA,2026-09-15
PMID:27158114,Structures of the Zika Virus Envelope Protein and Its Complex with a Flavivirus Broadly Protective Antibody.,identifier_resolved_only,https://pubmed.ncbi.nlm.nih.gov/27158114/,baseline:cancer-tmb:BCC,2026-09-15
PMID:27159395,Immune activation and response to pembrolizumab in POLE-mutant endometrial cancer.,identifier_resolved_only,https://pubmed.ncbi.nlm.nih.gov/27159395/,baseline:cancer-apd1-response:UCEC_POLE;baseline:cancer-ici-response-estimates:UCEC_POLE;baseline:cancer-ici-response:UCEC_POLE;current:cancer-apd1-response:UCEC_POLE;current:cancer-ici-response-estimates:UCEC_POLE;current:cancer-ici-response:UCEC_POLE,2026-09-15
PMID:27269741,"Nivolumab alone and nivolumab plus ipilimumab in recurrent small-cell lung cancer (CheckMate 032): a multicentre, open-label, phase 1/2 trial.",identifier_resolved_only,https://pubmed.ncbi.nlm.nih.gov/27269741/,baseline:cancer-apd1-response:SCLC;baseline:cancer-ici-response-estimates:SCLC;baseline:cancer-ici-response:SCLC;current:cancer-apd1-response:SCLC;current:cancer-ici-response-estimates:SCLC;current:cancer-ici-response:SCLC,2026-09-15
PMID:27533448,Clinical outcomes in metastatic uveal melanoma treated with PD-1 and PD-L1 antibodies.,identifier_resolved_only,https://pubmed.ncbi.nlm.nih.gov/27533448/,baseline:cancer-apd1-response:UVM;baseline:cancer-ici-response-estimates:UVM;baseline:cancer-ici-response:UVM;current:cancer-apd1-response:UVM;current:cancer-ici-response-estimates:UVM;current:cancer-ici-response:UVM,2026-09-15
PMID:27592805,"Avelumab in patients with chemotherapy-refractory metastatic Merkel cell carcinoma: a multicentre, single-group, open-label, phase 2 trial.",identifier_resolved_only,https://pubmed.ncbi.nlm.nih.gov/27592805/,baseline:cancer-ici-response-estimates:NEC_MERKEL;baseline:cancer-ici-response:NEC_MERKEL;current:cancer-ici-response-estimates:NEC_MERKEL;current:cancer-ici-response:NEC_MERKEL,2026-09-15
PMID:27646946,Antitumor Activity of Pembrolizumab in Biomarker-Unselected Patients With Recurrent and/or Metastatic Head and Neck Squamous Cell Carcinoma: Results From the Phase Ib KEYNOTE-012 Expansion Cohort.,identifier_resolved_only,https://pubmed.ncbi.nlm.nih.gov/27646946/,baseline:cancer-ici-response-estimates:HNSC_HPVneg;baseline:cancer-ici-response-estimates:HNSC_HPVpos;current:cancer-ici-response-estimates:HNSC_HPVneg;current:cancer-ici-response-estimates:HNSC_HPVpos,2026-09-15
PMID:27718847,Pembrolizumab versus Chemotherapy for PD-L1-Positive Non-Small-Cell Lung Cancer.,identifier_resolved_only,https://pubmed.ncbi.nlm.nih.gov/27718847/,baseline:cancer-ici-response-estimates:LUAD;baseline:cancer-ici-response-estimates:LUSC;current:cancer-ici-response-estimates:LUAD;current:cancer-ici-response-estimates:LUSC,2026-09-15
PMID:27939400,"Atezolizumab as first-line treatment in cisplatin-ineligible patients with locally advanced and metastatic urothelial carcinoma: a single-arm, multicentre, phase 2 trial.",identifier_resolved_only,https://pubmed.ncbi.nlm.nih.gov/27939400/,baseline:cancer-ici-response-estimates:BLCA;baseline:cancer-ici-response:BLCA;current:cancer-ici-response-estimates:BLCA;current:cancer-ici-response:BLCA,2026-09-15
PMID:27979383,"Atezolizumab versus docetaxel in patients with previously treated non-small-cell lung cancer (OAK): a phase 3, open-label, multicentre randomised controlled trial.",identifier_resolved_only,https://pubmed.ncbi.nlm.nih.gov/27979383/,baseline:cancer-ici-response-estimates:LUAD;current:cancer-ici-response-estimates:LUAD,2026-09-15
PMID:28131785,"Nivolumab in metastatic urothelial carcinoma after platinum therapy (CheckMate 275): a multicentre, single-arm, phase 2 trial.",identifier_resolved_only,https://pubmed.ncbi.nlm.nih.gov/28131785/,baseline:cancer-ici-response-estimates:BLCA;current:cancer-ici-response-estimates:BLCA,2026-09-15
PMID:28223062,"Nivolumab for previously treated unresectable metastatic anal cancer (NCI9673): a multicentre, single-arm, phase 2 study.",identifier_resolved_only,https://pubmed.ncbi.nlm.nih.gov/28223062/,baseline:cancer-apd1-response:ANSC;baseline:cancer-ici-response-estimates:ANSC;baseline:cancer-ici-response:ANSC;current:cancer-apd1-response:ANSC;current:cancer-ici-response-estimates:ANSC;current:cancer-ici-response:ANSC,2026-09-15
PMID:28420421,"Analysis of 100,000 human cancer genomes reveals the landscape of tumor mutational burden.",identifier_resolved_only,https://pubmed.ncbi.nlm.nih.gov/28420421/,baseline:cancer-tmb:ACC;baseline:cancer-tmb:CHOL;baseline:cancer-tmb:CRC_MSI;baseline:cancer-tmb:KICH;baseline:cancer-tmb:KIRP;baseline:cancer-tmb:LIHC;baseline:cancer-tmb:MESO;baseline:cancer-tmb:PAAD;baseline:cancer-tmb:PCPG;baseline:cancer-tmb:SARC_MPNST;baseline:cancer-tmb:STAD;baseline:cancer-tmb:STAD_MSI;baseline:cancer-tmb:TGCT;baseline:cancer-tmb:THCA;baseline:cancer-tmb:THYM;baseline:cancer-tmb:THYMCA;baseline:cancer-tmb:UCS;current:cancer-tmb:ACC;current:cancer-tmb:ACINIC;current:cancer-tmb:ADCC;current:cancer-tmb:ANSC;current:cancer-tmb:BCC;current:cancer-tmb:CHOL;current:cancer-tmb:CRC_MSI;current:cancer-tmb:KICH;current:cancer-tmb:KIRP;current:cancer-tmb:LIHC;current:cancer-tmb:MCL;current:cancer-tmb:MDS;current:cancer-tmb:MESO;current:cancer-tmb:MPN;current:cancer-tmb:MTC;current:cancer-tmb:NEC_LUNG_LARGECELL;current:cancer-tmb:PAAD;current:cancer-tmb:PCPG;current:cancer-tmb:PENSCC;current:cancer-tmb:SARC_CHON;current:cancer-tmb:SARC_MPNST;current:cancer-tmb:STAD;current:cancer-tmb:STAD_MSI;current:cancer-tmb:TGCT;current:cancer-tmb:THCA;current:cancer-tmb:THYM;current:cancer-tmb:THYMCA;current:cancer-tmb:UCS;current:cancer-tmb:VSCC;current:cancer-tmb:cSCC,2026-09-15
PMID:28434648,"Nivolumab in patients with advanced hepatocellular carcinoma (CheckMate 040): an open-label, non-comparative, phase 1/2 dose escalation and expansion trial.",identifier_resolved_only,https://pubmed.ncbi.nlm.nih.gov/28434648/,baseline:cancer-apd1-response:LIHC;baseline:cancer-ici-response-estimates:LIHC;baseline:cancer-ici-response:LIHC;current:cancer-apd1-response:LIHC;current:cancer-ici-response-estimates:LIHC;current:cancer-ici-response:LIHC,2026-09-15
PMID:28441111,Phase II Study of the Efficacy and Safety of Pembrolizumab for Relapsed/Refractory Classic Hodgkin Lymphoma.,identifier_resolved_only,https://pubmed.ncbi.nlm.nih.gov/28441111/,baseline:cancer-ici-response-estimates:HL;current:cancer-ici-response-estimates:HL,2026-09-15
PMID:28726821,The whole-genome landscape of medulloblastoma subtypes.,identifier_resolved_only,https://pubmed.ncbi.nlm.nih.gov/28726821/,baseline:cancer-tmb:MBL_G3;baseline:cancer-tmb:MBL_G4;baseline:cancer-tmb:MBL_SHH;baseline:cancer-tmb:MBL_WNT;current:cancer-tmb:MBL_G3;current:cancer-tmb:MBL_G4;current:cancer-tmb:MBL_SHH;current:cancer-tmb:MBL_WNT,2026-09-15
PMID:28817753,Efficacy and Safety of Durvalumab in Locally Advanced or Metastatic Urothelial Carcinoma: Updated Results From a Phase 1/2 Open-label Study.,identifier_resolved_only,https://pubmed.ncbi.nlm.nih.gov/28817753/,baseline:cancer-ici-response-estimates:BLCA;current:cancer-ici-response-estimates:BLCA,2026-09-15
PMID:28837405,Safety and Antitumor Activity of Pembrolizumab in Patients With Programmed Death-Ligand 1-Positive Nasopharyngeal Carcinoma: Results of the KEYNOTE-028 Study.,identifier_resolved_only,https://pubmed.ncbi.nlm.nih.gov/28837405/,baseline:cancer-apd1-response:NPC;baseline:cancer-ici-response-estimates:NPC;baseline:cancer-ici-response:NPC;current:cancer-apd1-response:NPC;current:cancer-ici-response-estimates:NPC;current:cancer-ici-response:NPC,2026-09-15
PMID:28889792,Overall Survival with Combined Nivolumab and Ipilimumab in Advanced Melanoma.,identifier_resolved_only,https://pubmed.ncbi.nlm.nih.gov/28889792/,baseline:cancer-apd1-response:SKCM;baseline:cancer-ici-response-estimates:SKCM;baseline:cancer-ici-response:SKCM;current:cancer-apd1-response:SKCM;current:cancer-ici-response-estimates:SKCM;current:cancer-ici-response:SKCM,2026-09-15
PMID:28961851,Comprehensive genomic profiles of metastatic and relapsed salivary gland carcinomas are associated with tumor type and reveal new routes to targeted therapies.,identifier_resolved_only,https://pubmed.ncbi.nlm.nih.gov/28961851/,baseline:cancer-tmb:ACINIC,2026-09-15
PMID:28966033,"Integrated Molecular Meta-Analysis of 1,000 Pediatric High-Grade and Diffuse Intrinsic Pontine Glioma.",identifier_resolved_only,https://pubmed.ncbi.nlm.nih.gov/28966033/,baseline:cancer-tmb:DIPG;current:cancer-tmb:DIPG,2026-09-15
PMID:28988646,"Pembrolizumab in advanced soft-tissue sarcoma and bone sarcoma (SARC028): a multicentre, two-cohort, single-arm, open-label, phase 2 trial.",identifier_resolved_only,https://pubmed.ncbi.nlm.nih.gov/28988646/,baseline:cancer-apd1-response:SARC_CHON;baseline:cancer-apd1-response:SARC_EWS;baseline:cancer-apd1-response:SARC_LMS;baseline:cancer-apd1-response:SARC_OS;baseline:cancer-apd1-response:SARC_SYN;baseline:cancer-ici-response-estimates:SARC_CHON;baseline:cancer-ici-response-estimates:SARC_DDLPS;baseline:cancer-ici-response-estimates:SARC_EWS;baseline:cancer-ici-response-estimates:SARC_LMS;baseline:cancer-ici-response-estimates:SARC_OS;baseline:cancer-ici-response-estimates:SARC_SYN;baseline:cancer-ici-response-estimates:SARC_UPS;baseline:cancer-ici-response:SARC_CHON;baseline:cancer-ici-response:SARC_EWS;baseline:cancer-ici-response:SARC_LMS;baseline:cancer-ici-response:SARC_OS;baseline:cancer-ici-response:SARC_SYN;current:cancer-apd1-response:SARC_CHON;current:cancer-apd1-response:SARC_EWS;current:cancer-apd1-response:SARC_LMS;current:cancer-apd1-response:SARC_OS;current:cancer-apd1-response:SARC_SYN;current:cancer-ici-response-estimates:SARC_CHON;current:cancer-ici-response-estimates:SARC_DDLPS;current:cancer-ici-response-estimates:SARC_EWS;current:cancer-ici-response-estimates:SARC_LMS;current:cancer-ici-response-estimates:SARC_OS;current:cancer-ici-response-estimates:SARC_SYN;current:cancer-ici-response-estimates:SARC_UPS;current:cancer-ici-response:SARC_CHON;current:cancer-ici-response:SARC_EWS;current:cancer-ici-response:SARC_LMS;current:cancer-ici-response:SARC_OS;current:cancer-ici-response:SARC_SYN,2026-09-15
PMID:29045540,Phase II trial of pembrolizumab in patients with platinum refractory germ-cell tumors: a Hoosier Cancer Research Network Study GU14-206.,identifier_resolved_only,https://pubmed.ncbi.nlm.nih.gov/29045540/,baseline:cancer-apd1-response:TGCT;baseline:cancer-ici-response-estimates:TGCT;baseline:cancer-ici-response:TGCT;current:cancer-apd1-response:TGCT;current:cancer-ici-response-estimates:TGCT;current:cancer-ici-response:TGCT,2026-09-15
PMID:29133614,Clinical Reasoning: Prognostication after cardiac arrest: What do we really know?,identifier_resolved_only,https://pubmed.ncbi.nlm.nih.gov/29133614/,baseline:cancer-tmb:ANSC,2026-09-15
PMID:29217288,"Avelumab in metastatic urothelial carcinoma after platinum failure (JAVELIN Solid Tumor): pooled results from two expansion cohorts of an open-label, phase 1 trial.",identifier_resolved_only,https://pubmed.ncbi.nlm.nih.gov/29217288/,baseline:cancer-ici-response-estimates:BLCA;current:cancer-ici-response-estimates:BLCA,2026-09-15
PMID:29328067,A physical approach to model occlusions in the retinal microvasculature.,identifier_resolved_only,https://pubmed.ncbi.nlm.nih.gov/29328067/,baseline:cancer-tmb:VSCC,2026-09-15
PMID:29355075,Durable Clinical Benefit With Nivolumab Plus Ipilimumab in DNA Mismatch Repair-Deficient/Microsatellite Instability-High Metastatic Colorectal Cancer.,identifier_resolved_only,https://pubmed.ncbi.nlm.nih.gov/29355075/,baseline:cancer-ici-response-estimates:CRC_MSI;baseline:cancer-ici-response:CRC_MSI;current:cancer-ici-response-estimates:CRC_MSI;current:cancer-ici-response:CRC_MSI,2026-09-15
PMID:29395863,"Pembrolizumab in patients with thymic carcinoma: a single-arm, single-centre, phase 2 study.",identifier_resolved_only,https://pubmed.ncbi.nlm.nih.gov/29395863/,baseline:cancer-apd1-response:THYMCA;baseline:cancer-ici-response-estimates:THYMCA;baseline:cancer-ici-response:THYMCA;current:cancer-apd1-response:THYMCA;current:cancer-ici-response-estimates:THYMCA;current:cancer-ici-response:THYMCA,2026-09-15
PMID:29489754,The landscape of genomic alterations across childhood cancers.,identifier_resolved_only,https://pubmed.ncbi.nlm.nih.gov/29489754/,baseline:cancer-tmb:ATRT;baseline:cancer-tmb:B_ALL;baseline:cancer-tmb:EPN;baseline:cancer-tmb:HEPB;baseline:cancer-tmb:NBL;baseline:cancer-tmb:SARC_EWS;baseline:cancer-tmb:SARC_OS;baseline:cancer-tmb:SARC_RMS_ARMS;baseline:cancer-tmb:SARC_RMS_ERMS;baseline:cancer-tmb:SARC_RMS_PRMS;baseline:cancer-tmb:SARC_RMS_SSRMS;baseline:cancer-tmb:T_ALL;baseline:cancer-tmb:WILMS;current:cancer-tmb:ATRT;current:cancer-tmb:B_ALL;current:cancer-tmb:EPN;current:cancer-tmb:HEPB;current:cancer-tmb:NBL;current:cancer-tmb:SARC_EWS;current:cancer-tmb:SARC_OS;current:cancer-tmb:SARC_RMS_ARMS;current:cancer-tmb:SARC_RMS_ERMS;current:cancer-tmb:SARC_RMS_PRMS;current:cancer-tmb:SARC_RMS_SSRMS;current:cancer-tmb:T_ALL;current:cancer-tmb:WILMS,2026-09-15
PMID:29535388,Integrative genomic profiling of large-cell neuroendocrine carcinomas reveals distinct subtypes of high-grade neuroendocrine lung tumors.,identifier_resolved_only,https://pubmed.ncbi.nlm.nih.gov/29535388/,baseline:cancer-tmb:NEC_LUNG;baseline:cancer-tmb:NEC_LUNG_LARGECELL;current:cancer-tmb:NEC_LUNG,2026-09-15
PMID:29543932,Safety and Efficacy of Pembrolizumab Monotherapy in Patients With Previously Treated Advanced Gastric and Gastroesophageal Junction Cancer: Phase 2 Clinical KEYNOTE-059 Trial.,identifier_resolved_only,https://pubmed.ncbi.nlm.nih.gov/29543932/,baseline:cancer-apd1-response:STAD;baseline:cancer-apd1-response:STAD_MSI;baseline:cancer-ici-response-estimates:STAD;baseline:cancer-ici-response-estimates:STAD_MSI;baseline:cancer-ici-response:STAD;baseline:cancer-ici-response:STAD_MSI;current:cancer-apd1-response:STAD;current:cancer-apd1-response:STAD_MSI;current:cancer-ici-response-estimates:STAD;current:cancer-ici-response-estimates:STAD_MSI;current:cancer-ici-response:STAD;current:cancer-ici-response:STAD_MSI,2026-09-15
PMID:29562145,Nivolumab plus Ipilimumab versus Sunitinib in Advanced Renal-Cell Carcinoma.,identifier_resolved_only,https://pubmed.ncbi.nlm.nih.gov/29562145/,baseline:cancer-ici-response-estimates:KIRC;baseline:cancer-ici-response:KIRC;current:cancer-ici-response-estimates:KIRC;current:cancer-ici-response:KIRC,2026-09-15
PMID:29566106,Efficacy and Safety of First-line Avelumab Treatment in Patients With Stage IV Metastatic Merkel Cell Carcinoma: A Preplanned Interim Analysis of a Clinical Trial.,identifier_resolved_only,https://pubmed.ncbi.nlm.nih.gov/29566106/,baseline:cancer-ici-response-estimates:NEC_MERKEL;current:cancer-ici-response-estimates:NEC_MERKEL,2026-09-15
PMID:29584546,Nivolumab for Relapsed/Refractory Classic Hodgkin Lymphoma After Failure of Autologous Hematopoietic Cell Transplantation: Extended Follow-Up of the Multicohort Single-Arm Phase II CheckMate 205 Trial.,identifier_resolved_only,https://pubmed.ncbi.nlm.nih.gov/29584546/,baseline:cancer-apd1-response:HL;baseline:cancer-ici-response-estimates:HL;baseline:cancer-ici-response:HL;current:cancer-ici-response-estimates:HL,2026-09-15
PMID:29773717,STK11/LKB1 Mutations and PD-1 Inhibitor Resistance in KRAS-Mutant Lung Adenocarcinoma.,identifier_resolved_only,https://pubmed.ncbi.nlm.nih.gov/29773717/,baseline:cancer-apd1-response:LUAD_STK11;baseline:cancer-ici-response-estimates:LUAD_STK11;baseline:cancer-ici-response:LUAD_STK11;current:cancer-apd1-response:LUAD_STK11;current:cancer-ici-response-estimates:LUAD_STK11;current:cancer-ici-response:LUAD_STK11,2026-09-15
PMID:29863979,PD-1 Blockade with Cemiplimab in Advanced Cutaneous Squamous-Cell Carcinoma.,identifier_resolved_only,https://pubmed.ncbi.nlm.nih.gov/29863979/,baseline:cancer-ici-response-estimates:cSCC;current:cancer-ici-response-estimates:cSCC,2026-09-15
PMID:29867230,Clinical activity and molecular correlates of response to atezolizumab alone or in combination with bevacizumab versus sunitinib in renal cell carcinoma.,identifier_resolved_only,https://pubmed.ncbi.nlm.nih.gov/29867230/,baseline:cancer-ici-response-estimates:KIRC;baseline:cancer-ici-response:KIRC;current:cancer-ici-response-estimates:KIRC;current:cancer-ici-response:KIRC,2026-09-15
PMID:29901569,Clinicopathologic Features of a Series of Primary Renal CIC-rearranged Sarcomas With Comprehensive Molecular Analysis.,identifier_resolved_only,https://pubmed.ncbi.nlm.nih.gov/29901569/,baseline:cancer-tmb:SARC_CIC;current:cancer-tmb:SARC_CIC,2026-09-15
PMID:29906252,Pembrolizumab for Patients With Refractory or Relapsed Thymic Epithelial Tumor: An Open-Label Phase II Trial.,identifier_resolved_only,https://pubmed.ncbi.nlm.nih.gov/29906252/,baseline:cancer-ici-response-estimates:THYMCA;current:cancer-ici-response-estimates:THYMCA,2026-09-15
PMID:29955135,Efficacy and safety of pembrolizumab in recurrent/metastatic head and neck squamous cell carcinoma: pooled analyses after long-term follow-up in KEYNOTE-012.,identifier_resolved_only,https://pubmed.ncbi.nlm.nih.gov/29955135/,baseline:cancer-apd1-response:HNSC_HPVneg;baseline:cancer-apd1-response:HNSC_HPVpos;baseline:cancer-ici-response-estimates:HNSC_HPVneg;baseline:cancer-ici-response-estimates:HNSC_HPVpos;baseline:cancer-ici-response:HNSC_HPVneg;baseline:cancer-ici-response:HNSC_HPVpos;current:cancer-apd1-response:HNSC_HPVneg;current:cancer-apd1-response:HNSC_HPVpos;current:cancer-ici-response-estimates:HNSC_HPVneg;current:cancer-ici-response-estimates:HNSC_HPVpos;current:cancer-ici-response:HNSC_HPVneg;current:cancer-ici-response:HNSC_HPVpos,2026-09-15
PMID:30108156,Comprehensive Genomic Profiling of Hodgkin Lymphoma Reveals Recurrently Mutated Genes and Increased Mutation Burden.,identifier_resolved_only,https://pubmed.ncbi.nlm.nih.gov/30108156/,baseline:cancer-tmb:HL;current:cancer-tmb:HL,2026-09-15
PMID:30151257,Beyond microsatellite testing: assessment of tumor mutational burden identifies subsets of colorectal cancer who may respond to immune checkpoint inhibition.,identifier_resolved_only,https://pubmed.ncbi.nlm.nih.gov/30151257/,baseline:cancer-tmb:CRC;current:cancer-tmb:CRC,2026-09-15
PMID:30242306,Long-term Clinical Outcomes and Biomarker Analyses of Atezolizumab Therapy for Patients With Metastatic Triple-Negative Breast Cancer: A Phase 1 Study.,identifier_resolved_only,https://pubmed.ncbi.nlm.nih.gov/30242306/,baseline:cancer-ici-response-estimates:BRCA_Basal;baseline:cancer-ici-response:BRCA_Basal;current:cancer-ici-response-estimates:BRCA_Basal;current:cancer-ici-response:BRCA_Basal,2026-09-15
PMID:30307503,Clinical Impact of Tumor Mutational Burden in Neuroblastoma.,identifier_resolved_only,https://pubmed.ncbi.nlm.nih.gov/30307503/,baseline:cancer-tmb:NBL_MYCNamp;baseline:cancer-tmb:NBL_MYCNnonamp;current:cancer-tmb:NBL_MYCNamp;current:cancer-tmb:NBL_MYCNnonamp,2026-09-15
PMID:30383184,Safety and Efficacy of Durvalumab With or Without Tremelimumab in Patients With PD-L1-Low/Negative Recurrent or Metastatic HNSCC: The Phase 2 CONDOR Randomized Clinical Trial.,identifier_resolved_only,https://pubmed.ncbi.nlm.nih.gov/30383184/,baseline:cancer-ici-response-estimates:HNSC;current:cancer-ici-response-estimates:HNSC,2026-09-15
PMID:30409776,"Efficacy, Safety, and Biomarkers of Response to Azacitidine and Nivolumab in Relapsed/Refractory Acute Myeloid Leukemia: A Nonrandomized, Open-Label, Phase II Study.",identifier_resolved_only,https://pubmed.ncbi.nlm.nih.gov/30409776/,baseline:cancer-ici-response-estimates:LAML;current:cancer-ici-response-estimates:LAML,2026-09-15
PMID:30475947,"Pembrolizumab monotherapy for previously untreated, PD-L1-positive, metastatic triple-negative breast cancer: cohort B of the phase II KEYNOTE-086 study.",identifier_resolved_only,https://pubmed.ncbi.nlm.nih.gov/30475947/,baseline:cancer-ici-response-estimates:BRCA_Basal;current:cancer-ici-response-estimates:BRCA_Basal,2026-09-15
PMID:30475950,Pembrolizumab monotherapy for previously treated metastatic triple-negative breast cancer: cohort A of the phase II KEYNOTE-086 study.,identifier_resolved_only,https://pubmed.ncbi.nlm.nih.gov/30475950/,baseline:cancer-apd1-response:BRCA_Basal;baseline:cancer-ici-response-estimates:BRCA_Basal;baseline:cancer-ici-response:BRCA_Basal;current:cancer-apd1-response:BRCA_Basal;current:cancer-ici-response-estimates:BRCA_Basal;current:cancer-ici-response:BRCA_Basal,2026-09-15
PMID:30515672,"Phase 1 trial of avelumab (anti-PD-L1) in Japanese patients with advanced solid tumors, including dose expansion in patients with gastric or gastroesophageal junction cancer: the JAVELIN Solid Tumor JPN trial.",identifier_resolved_only,https://pubmed.ncbi.nlm.nih.gov/30515672/,baseline:cancer-ici-response-estimates:STAD;baseline:cancer-ici-response:STAD;current:cancer-ici-response-estimates:STAD;current:cancer-ici-response:STAD,2026-09-15
PMID:30557521,"T-Cell-Inflamed Gene-Expression Profile, Programmed Death Ligand 1 Expression, and Tumor Mutational Burden Predict Efficacy in Patients Treated With Pembrolizumab Across 20 Cancers: KEYNOTE-028.",identifier_resolved_only,https://pubmed.ncbi.nlm.nih.gov/30557521/,baseline:cancer-apd1-response:PAAD;baseline:cancer-ici-response-estimates:PAAD;baseline:cancer-ici-response:PAAD;current:cancer-apd1-response:PAAD;current:cancer-ici-response-estimates:PAAD;current:cancer-ici-response:PAAD,2026-09-15
PMID:30605211,Efficacy and Safety of Avelumab Treatment in Patients With Advanced Unresectable Mesothelioma: Phase 1b Results From the JAVELIN Solid Tumor Trial.,identifier_resolved_only,https://pubmed.ncbi.nlm.nih.gov/30605211/,baseline:cancer-ici-response-estimates:MESO;baseline:cancer-ici-response:MESO;current:cancer-ici-response-estimates:MESO;current:cancer-ici-response:MESO,2026-09-15
PMID:30620669,"Nivolumab for Relapsed/Refractory Diffuse Large B-Cell Lymphoma in Patients Ineligible for or Having Failed Autologous Transplantation: A Single-Arm, Phase II Study.",identifier_resolved_only,https://pubmed.ncbi.nlm.nih.gov/30620669/,baseline:cancer-apd1-response:DLBC;baseline:cancer-ici-response-estimates:DLBC;baseline:cancer-ici-response:DLBC;current:cancer-apd1-response:DLBC;current:cancer-ici-response-estimates:DLBC;current:cancer-ici-response:DLBC,2026-09-15
PMID:30664989,A Randomized Non-Comparative Phase II Study of Anti-Programmed Cell Death-Ligand 1 Atezolizumab or Chemotherapy as Second-Line Therapy in Patients With Small Cell Lung Cancer: Results From the IFCT-1603 Trial.,identifier_resolved_only,https://pubmed.ncbi.nlm.nih.gov/30664989/,baseline:cancer-ici-response-estimates:SCLC;baseline:cancer-ici-response:SCLC;current:cancer-ici-response-estimates:SCLC;current:cancer-ici-response:SCLC,2026-09-15
PMID:30676622,Efficacy and Safety of Avelumab for Patients With Recurrent or Refractory Ovarian Cancer: Phase 1b Results From the JAVELIN Solid Tumor Trial.,identifier_resolved_only,https://pubmed.ncbi.nlm.nih.gov/30676622/,baseline:cancer-ici-response-estimates:OV;baseline:cancer-ici-response:OV;current:cancer-ici-response-estimates:OV;current:cancer-ici-response:OV,2026-09-15
PMID:30717797,Avelumab (anti-PD-L1) as first-line switch-maintenance or second-line therapy in patients with advanced gastric or gastroesophageal junction cancer: phase 1b results from the JAVELIN Solid Tumor trial.,identifier_resolved_only,https://pubmed.ncbi.nlm.nih.gov/30717797/,baseline:cancer-ici-response-estimates:STAD;current:cancer-ici-response-estimates:STAD,2026-09-15
PMID:30726175,Durable Tumor Regression and Overall Survival in Patients With Advanced Merkel Cell Carcinoma Receiving Pembrolizumab as First-Line Therapy.,identifier_resolved_only,https://pubmed.ncbi.nlm.nih.gov/30726175/,baseline:cancer-apd1-response:NEC_MERKEL;baseline:cancer-ici-response-estimates:NEC_MERKEL;baseline:cancer-ici-response:NEC_MERKEL;current:cancer-apd1-response:NEC_MERKEL;current:cancer-ici-response-estimates:NEC_MERKEL;current:cancer-ici-response:NEC_MERKEL,2026-09-15
PMID:30937889,Phase 1b trial of pembrolizumab monotherapy for relapsed/refractory multiple myeloma: KEYNOTE-013.,identifier_resolved_only,https://pubmed.ncbi.nlm.nih.gov/30937889/,baseline:cancer-apd1-response:MM;baseline:cancer-ici-response-estimates:MM;baseline:cancer-ici-response:MM;current:cancer-apd1-response:MM;current:cancer-ici-response-estimates:MM;current:cancer-ici-response:MM,2026-09-15
PMID:30943124,Efficacy and Safety of Pembrolizumab in Previously Treated Advanced Cervical Cancer: Results From the Phase II KEYNOTE-158 Study.,identifier_resolved_only,https://pubmed.ncbi.nlm.nih.gov/30943124/,baseline:cancer-apd1-response:CESC;baseline:cancer-ici-response-estimates:CESC;baseline:cancer-ici-response:CESC;current:cancer-apd1-response:CESC;current:cancer-ici-response-estimates:CESC;current:cancer-ici-response:CESC,2026-09-15
PMID:31046082,Antitumor activity and safety of pembrolizumab in patients with advanced recurrent ovarian cancer: results from the phase II KEYNOTE-100 study.,identifier_resolved_only,https://pubmed.ncbi.nlm.nih.gov/31046082/,baseline:cancer-apd1-response:OV;baseline:cancer-ici-response-estimates:OV;baseline:cancer-ici-response:OV;current:cancer-apd1-response:OV;current:cancer-ici-response-estimates:OV;current:cancer-ici-response:OV,2026-09-15
PMID:31180909,Tumor Mutation Burden and Checkpoint Immunotherapy Markers in NUT Midline Carcinoma.,identifier_resolved_only,https://pubmed.ncbi.nlm.nih.gov/31180909/,baseline:cancer-tmb:NUTM,2026-09-15
PMID:31399473,The Genomic Landscape of Merkel Cell Carcinoma and Clinicogenomic Biomarkers of Response to Immune Checkpoint Inhibitor Therapy.,identifier_resolved_only,https://pubmed.ncbi.nlm.nih.gov/31399473/,baseline:cancer-tmb:NEC_MERKEL;current:cancer-tmb:NEC_MERKEL,2026-09-15
PMID:31409671,Pembrolizumab in relapsed or refractory Hodgkin lymphoma: 2-year follow-up of KEYNOTE-087.,identifier_resolved_only,https://pubmed.ncbi.nlm.nih.gov/31409671/,baseline:cancer-ici-response-estimates:HL;current:cancer-ici-response-estimates:HL,2026-09-15
PMID:31504112,"Relative contribution of clinicopathological variables, genomic markers, transcriptomic subtyping and microenvironment features for outcome prediction in stage II/III colorectal cancer.",identifier_resolved_only,https://pubmed.ncbi.nlm.nih.gov/31504112/,baseline:cancer-tmb:BRCA_Basal;baseline:cancer-tmb:BRCA_HER2,2026-09-15
PMID:31532724,Pembrolizumab in Relapsed and Refractory Mycosis Fungoides and Sézary Syndrome: A Multicenter Phase II Study.,identifier_resolved_only,https://pubmed.ncbi.nlm.nih.gov/31532724/,baseline:cancer-apd1-response:CTCL;baseline:cancer-ici-response-estimates:CTCL;baseline:cancer-ici-response:CTCL;current:cancer-apd1-response:CTCL;current:cancer-ici-response-estimates:CTCL;current:cancer-ici-response:CTCL,2026-09-15
PMID:31562796,Nivolumab plus Ipilimumab in Advanced Non-Small-Cell Lung Cancer.,identifier_resolved_only,https://pubmed.ncbi.nlm.nih.gov/31562796/,baseline:cancer-ici-response-estimates:LUAD;baseline:cancer-ici-response:LUAD;current:cancer-ici-response-estimates:LUAD;current:cancer-ici-response:LUAD,2026-09-15
PMID:31582355,"Nivolumab versus chemotherapy in patients with advanced oesophageal squamous cell carcinoma refractory or intolerant to previous chemotherapy (ATTRACTION-3): a multicentre, randomised, open-label, phase 3 trial.",identifier_resolved_only,https://pubmed.ncbi.nlm.nih.gov/31582355/,baseline:cancer-apd1-response:ESCA;baseline:cancer-ici-response-estimates:ESCA;baseline:cancer-ici-response:ESCA;current:cancer-apd1-response:ESCA;current:cancer-ici-response-estimates:ESCA;current:cancer-ici-response:ESCA,2026-09-15
PMID:31605946,Genetic Landscape of Somatic Mutations in a Large Cohort of Sporadic Medullary Thyroid Carcinomas Studied by Next-Generation Targeted Sequencing.,identifier_resolved_only,https://pubmed.ncbi.nlm.nih.gov/31605946/,baseline:cancer-tmb:MTC,2026-09-15
PMID:31609651,Pembrolizumab in Relapsed or Refractory Primary Mediastinal Large B-Cell Lymphoma.,identifier_resolved_only,https://pubmed.ncbi.nlm.nih.gov/31609651/,baseline:cancer-ici-response-estimates:PMBCL;current:cancer-ici-response-estimates:PMBCL,2026-09-15
PMID:31639039,Efficacy and tolerability of anti-programmed death-ligand 1 (PD-L1) antibody (Avelumab) treatment in advanced thymoma.,identifier_resolved_only,https://pubmed.ncbi.nlm.nih.gov/31639039/,baseline:cancer-ici-response-estimates:THYM;baseline:cancer-ici-response:THYM;current:cancer-ici-response-estimates:THYM;current:cancer-ici-response:THYM,2026-09-15
PMID:31679945,"Pembrolizumab alone or with chemotherapy versus cetuximab with chemotherapy for recurrent or metastatic squamous cell carcinoma of the head and neck (KEYNOTE-048): a randomised, open-label, phase 3 study.",identifier_resolved_only,https://pubmed.ncbi.nlm.nih.gov/31679945/,baseline:cancer-apd1-response:HNSC;baseline:cancer-ici-response-estimates:HNSC;baseline:cancer-ici-response:HNSC;current:cancer-apd1-response:HNSC;current:cancer-ici-response-estimates:HNSC;current:cancer-ici-response:HNSC,2026-09-15
PMID:31682550,Efficacy of Pembrolizumab in Patients With Noncolorectal High Microsatellite Instability/Mismatch Repair-Deficient Cancer: Results From the Phase II KEYNOTE-158 Study.,identifier_resolved_only,https://pubmed.ncbi.nlm.nih.gov/31682550/,baseline:cancer-ici-response-estimates:PAAD;current:cancer-ici-response-estimates:PAAD,2026-09-15
PMID:31725351,"Phase II Open-Label Study of Pembrolizumab in Treatment-Refractory, Microsatellite Instability-High/Mismatch Repair-Deficient Metastatic Colorectal Cancer: KEYNOTE-164.",identifier_resolved_only,https://pubmed.ncbi.nlm.nih.gov/31725351/,baseline:cancer-ici-response-estimates:CRC_MSI;current:cancer-ici-response-estimates:CRC_MSI,2026-09-15
PMID:31774688,"Pembrolizumab for Treatment-Refractory Metastatic Castration-Resistant Prostate Cancer: Multicohort, Open-Label Phase II KEYNOTE-199 Study.",identifier_resolved_only,https://pubmed.ncbi.nlm.nih.gov/31774688/,baseline:cancer-apd1-response:PRAD;baseline:cancer-ici-response-estimates:PRAD;baseline:cancer-ici-response:PRAD;current:cancer-apd1-response:PRAD;current:cancer-ici-response-estimates:PRAD;current:cancer-ici-response:PRAD,2026-09-15
PMID:31812554,"Pembrolizumab in paediatric patients with advanced melanoma or a PD-L1-positive, advanced, relapsed, or refractory solid tumour or lymphoma (KEYNOTE-051): interim analysis of an open-label, single-arm, phase 1-2 trial.",identifier_resolved_only,https://pubmed.ncbi.nlm.nih.gov/31812554/,baseline:cancer-apd1-response:NBL;baseline:cancer-ici-response-estimates:NBL;baseline:cancer-ici-response-estimates:SARC_EPITH;baseline:cancer-ici-response:NBL;current:cancer-apd1-response:NBL;current:cancer-ici-response-estimates:NBL;current:cancer-ici-response-estimates:SARC_EPITH;current:cancer-ici-response:NBL,2026-09-15
PMID:31829442,Interpretation of somatic POLE mutations in endometrial carcinoma.,identifier_resolved_only,https://pubmed.ncbi.nlm.nih.gov/31829442/,current:cancer-tmb:UCEC_MSI,2026-09-15
PMID:31930041,Tumor mutational and indel burden: a systematic pan-cancer evaluation as prognostic biomarkers.,identifier_resolved_only,https://pubmed.ncbi.nlm.nih.gov/31930041/,current:cancer-tmb:UVM,2026-09-15
PMID:31969335,A Phase II Basket Trial of Dual Anti-CTLA-4 and Anti-PD-1 Blockade in Rare Tumors (DART SWOG 1609) in Patients with Nonpancreatic Neuroendocrine Tumors.,identifier_resolved_only,https://pubmed.ncbi.nlm.nih.gov/31969335/,baseline:cancer-apd1-response:NET_NONPANCREATIC;baseline:cancer-ici-response-estimates:NET_NONPANCREATIC;baseline:cancer-ici-response:NET_NONPANCREATIC;current:cancer-apd1-response:NET_NONPANCREATIC;current:cancer-ici-response-estimates:NET_NONPANCREATIC;current:cancer-ici-response:NET_NONPANCREATIC,2026-09-15
PMID:32359091,Efficacy and safety of pembrolizumab for the treatment of advanced biliary cancer: Results from the KEYNOTE-158 and KEYNOTE-028 studies.,identifier_resolved_only,https://pubmed.ncbi.nlm.nih.gov/32359091/,baseline:cancer-apd1-response:BTC;baseline:cancer-ici-response-estimates:BTC;baseline:cancer-ici-response:BTC;current:cancer-apd1-response:BTC;current:cancer-ici-response-estimates:BTC;current:cancer-ici-response:BTC,2026-09-15
PMID:32437507,Effect of Nivolumab vs Bevacizumab in Patients With Recurrent Glioblastoma: The CheckMate 143 Phase 3 Randomized Clinical Trial.,identifier_resolved_only,https://pubmed.ncbi.nlm.nih.gov/32437507/,baseline:cancer-apd1-response:GBM;baseline:cancer-ici-response-estimates:GBM;baseline:cancer-ici-response:GBM;current:cancer-apd1-response:GBM;current:cancer-ici-response-estimates:GBM;current:cancer-ici-response:GBM,2026-09-15
PMID:32552471,Long-Term Outcomes in KEYNOTE-052: Phase II Study Investigating First-Line Pembrolizumab in Cisplatin-Ineligible Patients With Locally Advanced or Metastatic Urothelial Cancer.,identifier_resolved_only,https://pubmed.ncbi.nlm.nih.gov/32552471/,baseline:cancer-apd1-response:BLCA;baseline:cancer-ici-response-estimates:BLCA;baseline:cancer-ici-response:BLCA;current:cancer-apd1-response:BLCA;current:cancer-ici-response-estimates:BLCA;current:cancer-ici-response:BLCA,2026-09-15
PMID:32673170,Pembrolizumab Monotherapy for Recurrent or Metastatic Cutaneous Squamous Cell Carcinoma: A Single-Arm Phase II Trial (KEYNOTE-629).,identifier_resolved_only,https://pubmed.ncbi.nlm.nih.gov/32673170/,baseline:cancer-apd1-response:cSCC;baseline:cancer-ici-response-estimates:cSCC;baseline:cancer-ici-response:cSCC;current:cancer-apd1-response:cSCC;current:cancer-ici-response-estimates:cSCC;current:cancer-ici-response:cSCC,2026-09-15
PMID:32997907,Atezolizumab for First-Line Treatment of PD-L1-Selected Patients with NSCLC.,identifier_resolved_only,https://pubmed.ncbi.nlm.nih.gov/32997907/,baseline:cancer-ici-response-estimates:NSCLC;baseline:cancer-ici-response:NSCLC;current:cancer-ici-response-estimates:NSCLC;current:cancer-ici-response:NSCLC,2026-09-15
PMID:33001135,Efficacy and Safety of Nivolumab Plus Ipilimumab in Patients With Advanced Hepatocellular Carcinoma Previously Treated With Sorafenib: The CheckMate 040 Randomized Clinical Trial.,identifier_resolved_only,https://pubmed.ncbi.nlm.nih.gov/33001135/,baseline:cancer-ici-response-estimates:LIHC;baseline:cancer-ici-response:LIHC;current:cancer-ici-response-estimates:LIHC;current:cancer-ici-response:LIHC,2026-09-15
PMID:33026938,Randomized Phase III KEYNOTE-181 Study of Pembrolizumab Versus Chemotherapy in Advanced Esophageal Cancer.,identifier_resolved_only,https://pubmed.ncbi.nlm.nih.gov/33026938/,baseline:cancer-ici-response-estimates:ESCA;current:cancer-ici-response-estimates:ESCA,2026-09-15
PMID:33125309,Nivolumab and Ipilimumab in Metastatic Uveal Melanoma: Results From a Single-Arm Phase II Study.,identifier_resolved_only,https://pubmed.ncbi.nlm.nih.gov/33125309/,baseline:cancer-ici-response-estimates:UVM;current:cancer-ici-response-estimates:UVM,2026-09-15
PMID:33249490,The genetic landscape of choroid plexus tumors in children and adults.,identifier_resolved_only,https://pubmed.ncbi.nlm.nih.gov/33249490/,baseline:cancer-tmb:CHOROID_PLEXUS;current:cancer-tmb:CHOROID_PLEXUS,2026-09-15
PMID:33264544,Pembrolizumab in Microsatellite-Instability-High Advanced Colorectal Cancer.,identifier_resolved_only,https://pubmed.ncbi.nlm.nih.gov/33264544/,baseline:cancer-apd1-response:COAD;baseline:cancer-apd1-response:CRC_MSI;baseline:cancer-apd1-response:READ;baseline:cancer-ici-response-estimates:CRC_MSI;baseline:cancer-ici-response:COAD;baseline:cancer-ici-response:CRC_MSI;baseline:cancer-ici-response:READ;current:cancer-apd1-response:COAD;current:cancer-apd1-response:CRC_MSI;current:cancer-apd1-response:READ;current:cancer-ici-response-estimates:CRC_MSI;current:cancer-ici-response:COAD;current:cancer-ici-response:CRC_MSI;current:cancer-ici-response:READ,2026-09-15
PMID:33417511,"Nivolumab Plus Ipilimumab for Treatment-Naïve Metastatic Uveal Melanoma: An Open-Label, Multicenter, Phase II Trial by the Spanish Multidisciplinary Melanoma Group (GEM-1402).",identifier_resolved_only,https://pubmed.ncbi.nlm.nih.gov/33417511/,baseline:cancer-ici-response-estimates:UVM;current:cancer-ici-response-estimates:UVM,2026-09-15
PMID:33485464,"First-line nivolumab plus ipilimumab in unresectable malignant pleural mesothelioma (CheckMate 743): a multicentre, randomised, open-label, phase 3 trial.",identifier_resolved_only,https://pubmed.ncbi.nlm.nih.gov/33485464/,baseline:cancer-ici-response-estimates:MESO;baseline:cancer-ici-response:MESO;current:cancer-ici-response-estimates:MESO;current:cancer-ici-response:MESO,2026-09-15
PMID:33529058,"Open-Label, Single-Arm, Phase II Study of Pembrolizumab Monotherapy as First-Line Therapy in Patients With Advanced Non-Clear Cell Renal Cell Carcinoma.",identifier_resolved_only,https://pubmed.ncbi.nlm.nih.gov/33529058/,baseline:cancer-apd1-response:KICH;baseline:cancer-apd1-response:KIRP;baseline:cancer-apd1-response:RCC_NCC;baseline:cancer-apd1-response:RCC_NCC_UNCLASSIFIED;baseline:cancer-ici-response-estimates:KICH;baseline:cancer-ici-response-estimates:KIRP;baseline:cancer-ici-response-estimates:RCC_NCC;baseline:cancer-ici-response-estimates:RCC_NCC_UNCLASSIFIED;baseline:cancer-ici-response:KICH;baseline:cancer-ici-response:KIRP;baseline:cancer-ici-response:RCC_NCC;baseline:cancer-ici-response:RCC_NCC_UNCLASSIFIED;current:cancer-apd1-response:KICH;current:cancer-apd1-response:KIRP;current:cancer-apd1-response:RCC_NCC;current:cancer-apd1-response:RCC_NCC_UNCLASSIFIED;current:cancer-ici-response-estimates:KICH;current:cancer-ici-response-estimates:KIRP;current:cancer-ici-response-estimates:RCC_NCC;current:cancer-ici-response-estimates:RCC_NCC_UNCLASSIFIED;current:cancer-ici-response:KICH;current:cancer-ici-response:KIRP;current:cancer-ici-response:RCC_NCC;current:cancer-ici-response:RCC_NCC_UNCLASSIFIED,2026-09-15
PMID:33574607,Intratumoral heterogeneity in cancer progression and response to immunotherapy.,identifier_resolved_only,https://pubmed.ncbi.nlm.nih.gov/33574607/,baseline:cancer-tmb:CTCL;current:cancer-tmb:CTCL,2026-09-15
PMID:33670346,Whole-Genome Sequencing of Retinoblastoma Reveals the Diversity of Rearrangements Disrupting <i>RB1</i> and Uncovers a Treatment-Related Mutational Signature.,identifier_resolved_only,https://pubmed.ncbi.nlm.nih.gov/33670346/,baseline:cancer-tmb:RB;current:cancer-tmb:RB,2026-09-15
PMID:33754015,Mutational spectrum and precision oncology for biliary tract carcinoma.,identifier_resolved_only,https://pubmed.ncbi.nlm.nih.gov/33754015/,baseline:cancer-tmb:BTC;current:cancer-tmb:BTC,2026-09-15
PMID:33836153,"Efficacy and safety of pembrolizumab in patients with advanced mesothelioma in the open-label, single-arm, phase 2 KEYNOTE-158 study.",identifier_resolved_only,https://pubmed.ncbi.nlm.nih.gov/33836153/,baseline:cancer-apd1-response:MESO;baseline:cancer-ici-response-estimates:MESO;baseline:cancer-ici-response:MESO;current:cancer-apd1-response:MESO;current:cancer-ici-response-estimates:MESO;current:cancer-ici-response:MESO,2026-09-15
PMID:33846346,Reciprocal regulation of RIG-I and XRCC4 connects DNA repair with RIG-I immune signaling.,identifier_resolved_only,https://pubmed.ncbi.nlm.nih.gov/33846346/,baseline:cancer-tmb:LUAD_EGFR;current:cancer-tmb:LUAD_EGFR,2026-09-15
PMID:33882143,A phase II basket trial of Dual Anti-CTLA-4 and Anti-PD-1 Blockade in Rare Tumors (DART) SWOG S1609: High-grade neuroendocrine neoplasm cohort.,publisher_identity_checked,https://pubmed.ncbi.nlm.nih.gov/33882143/,current:cancer-ici-response-estimates:NEC_LUNG_LARGECELL,2026-09-15
PMID:33889505,Effect of prior therapy on tumor mutational burden in NSCLC.,identifier_resolved_only,https://pubmed.ncbi.nlm.nih.gov/33889505/,baseline:cancer-tmb:NSCLC;current:cancer-tmb:NSCLC,2026-09-15
PMID:34000246,"Cemiplimab in locally advanced basal cell carcinoma after hedgehog inhibitor therapy: an open-label, multi-centre, single-arm, phase 2 trial.",identifier_resolved_only,https://pubmed.ncbi.nlm.nih.gov/34000246/,baseline:cancer-apd1-response:BCC;baseline:cancer-ici-response-estimates:BCC;baseline:cancer-ici-response:BCC;current:cancer-apd1-response:BCC;current:cancer-ici-response-estimates:BCC;current:cancer-ici-response:BCC,2026-09-15
PMID:34293460,"Pembrolizumab for locally advanced and recurrent/metastatic cutaneous squamous cell carcinoma (KEYNOTE-629 study): an open-label, nonrandomized, multicenter, phase II trial.",identifier_resolved_only,https://pubmed.ncbi.nlm.nih.gov/34293460/,baseline:cancer-ici-response-estimates:cSCC;current:cancer-ici-response-estimates:cSCC,2026-09-15
PMID:34326338,The genomic landscape of 85 advanced neuroendocrine neoplasms reveals subtype-heterogeneity and potential therapeutic targets.,identifier_resolved_only,https://pubmed.ncbi.nlm.nih.gov/34326338/,baseline:cancer-tmb:NEC;baseline:cancer-tmb:NEN;baseline:cancer-tmb:NET;baseline:cancer-tmb:NET_PANCREAS;current:cancer-tmb:NEC;current:cancer-tmb:NEN;current:cancer-tmb:NET;current:cancer-tmb:NET_MIDGUT;current:cancer-tmb:NET_PANCREAS,2026-09-15
PMID:34380663,"Multicenter phase II trial (SWOG S1609, cohort 51) of ipilimumab and nivolumab in metastatic or unresectable angiosarcoma: a substudy of dual anti-CTLA-4 and anti-PD-1 blockade in rare tumors (DART).",identifier_resolved_only,https://pubmed.ncbi.nlm.nih.gov/34380663/,baseline:cancer-apd1-response:SARC_ANGIO;baseline:cancer-ici-response-estimates:SARC_ANGIO;baseline:cancer-ici-response:SARC_ANGIO;current:cancer-apd1-response:SARC_ANGIO;current:cancer-ici-response-estimates:SARC_ANGIO;current:cancer-ici-response:SARC_ANGIO,2026-09-15
PMID:34581778,PD-1 inhibition in advanced myeloproliferative neoplasms.,identifier_resolved_only,https://pubmed.ncbi.nlm.nih.gov/34581778/,baseline:cancer-ici-response-estimates:MPN;current:cancer-ici-response-estimates:MPN,2026-09-15
PMID:34590004,Brief Report on the Efficacy of Nivolumab in Patients With Previously Treated Advanced Large-Cell Neuroendocrine Cancer of the Lung.,identifier_resolved_only,https://pubmed.ncbi.nlm.nih.gov/34590004/,baseline:cancer-apd1-response:NEC_LUNG_LARGECELL;baseline:cancer-ici-response-estimates:NEC_LUNG_LARGECELL;baseline:cancer-ici-response:NEC_LUNG_LARGECELL;current:cancer-apd1-response:NEC_LUNG_LARGECELL;current:cancer-ici-response-estimates:NEC_LUNG_LARGECELL;current:cancer-ici-response:NEC_LUNG_LARGECELL,2026-09-15
PMID:34637336,First-Line Nivolumab Plus Low-Dose Ipilimumab for Microsatellite Instability-High/Mismatch Repair-Deficient Metastatic Colorectal Cancer: The Phase II CheckMate 142 Study.,identifier_resolved_only,https://pubmed.ncbi.nlm.nih.gov/34637336/,baseline:cancer-ici-response-estimates:CRC_MSI;current:cancer-ici-response-estimates:CRC_MSI,2026-09-15
PMID:34818112,Long-Term Outcomes With Nivolumab Plus Ipilimumab or Nivolumab Alone Versus Ipilimumab in Patients With Advanced Melanoma.,identifier_resolved_only,https://pubmed.ncbi.nlm.nih.gov/34818112/,baseline:cancer-ici-response-estimates:SKCM;current:cancer-ici-response-estimates:SKCM,2026-09-15
PMID:34990208,Pembrolizumab in Patients With Microsatellite Instability-High Advanced Endometrial Cancer: Results From the KEYNOTE-158 Study.,identifier_resolved_only,https://pubmed.ncbi.nlm.nih.gov/34990208/,baseline:cancer-ici-response-estimates:UCEC_CNH;baseline:cancer-ici-response-estimates:UCEC_MSI;current:cancer-ici-response-estimates:UCEC_CNH;current:cancer-ici-response-estimates:UCEC_MSI,2026-09-15
PMID:35108470,Nivolumab Combination Therapy in Advanced Esophageal Squamous-Cell Carcinoma.,identifier_resolved_only,https://pubmed.ncbi.nlm.nih.gov/35108470/,baseline:cancer-ici-response-estimates:ESCA;baseline:cancer-ici-response:ESCA;current:cancer-ici-response-estimates:ESCA;current:cancer-ici-response:ESCA,2026-09-15
PMID:35114169,"Pembrolizumab for previously treated advanced anal squamous cell carcinoma: results from the non-randomised, multicohort, multicentre, phase 2 KEYNOTE-158 study.",identifier_resolved_only,https://pubmed.ncbi.nlm.nih.gov/35114169/,baseline:cancer-ici-response-estimates:ANSC;current:cancer-ici-response-estimates:ANSC,2026-09-15
PMID:35289329,Phase 2 study of pembrolizumab in patients with recurrent and residual high-grade meningiomas.,identifier_resolved_only,https://pubmed.ncbi.nlm.nih.gov/35289329/,baseline:cancer-apd1-response:MENINGIOMA;baseline:cancer-ici-response-estimates:MENINGIOMA;baseline:cancer-ici-response:MENINGIOMA;current:cancer-apd1-response:MENINGIOMA;current:cancer-ici-response-estimates:MENINGIOMA;current:cancer-ici-response:MENINGIOMA,2026-09-15
PMID:35361487,Efficacy and safety of pembrolizumab for patients with previously treated advanced vulvar squamous cell carcinoma: Results from the phase 2 KEYNOTE-158 study.,identifier_resolved_only,https://pubmed.ncbi.nlm.nih.gov/35361487/,baseline:cancer-apd1-response:VSCC;baseline:cancer-ici-response-estimates:VSCC;baseline:cancer-ici-response:VSCC;current:cancer-apd1-response:VSCC;current:cancer-ici-response-estimates:VSCC;current:cancer-ici-response:VSCC,2026-09-15
PMID:35379887,Multi-site desmoplastic small round cell tumors are genetically related and immune-cold.,identifier_resolved_only,https://pubmed.ncbi.nlm.nih.gov/35379887/,baseline:cancer-tmb:SARC_DSRCT;current:cancer-tmb:SARC_DSRCT,2026-09-15
PMID:35611499,"Tolerability and efficacy of durvalumab, either as monotherapy or in combination with tremelimumab, in patients from Asia with advanced biliary tract, esophageal, or head-and-neck cancer.",identifier_resolved_only,https://pubmed.ncbi.nlm.nih.gov/35611499/,baseline:cancer-ici-response-estimates:BTC;baseline:cancer-ici-response:BTC;current:cancer-ici-response-estimates:BTC;current:cancer-ici-response:BTC,2026-09-15
PMID:35749302,Comprehensive Genomic Profiling of 274 Thymic Epithelial Tumors Unveils Oncogenic Pathways and Predictive Biomarkers.,identifier_resolved_only,https://pubmed.ncbi.nlm.nih.gov/35749302/,baseline:cancer-tmb:THYM_EPITHELIAL;current:cancer-tmb:THYM_EPITHELIAL,2026-09-15
PMID:35777186,Evaluation of pembrolizumab monotherapy in patients with previously treated advanced salivary gland carcinoma in the phase 2 KEYNOTE-158 study.,identifier_resolved_only,https://pubmed.ncbi.nlm.nih.gov/35777186/,baseline:cancer-apd1-response:SGC;baseline:cancer-ici-response-estimates:ADCC;baseline:cancer-ici-response-estimates:SGC;baseline:cancer-ici-response:SGC;current:cancer-apd1-response:SGC;current:cancer-ici-response-estimates:ADCC;current:cancer-ici-response-estimates:SGC;current:cancer-ici-response:SGC,2026-09-15
PMID:36135044,Nasopharyngeal Carcinoma Progression: Accumulating Genomic Instability and Persistent Epstein-Barr Virus Infection.,identifier_resolved_only,https://pubmed.ncbi.nlm.nih.gov/36135044/,baseline:cancer-tmb:NPC;current:cancer-tmb:NPC,2026-09-15
PMID:36223558,Five-Year Survival Outcomes With Nivolumab Plus Ipilimumab Versus Chemotherapy as First-Line Treatment for Metastatic Non-Small-Cell Lung Cancer in CheckMate 227.,identifier_resolved_only,https://pubmed.ncbi.nlm.nih.gov/36223558/,baseline:cancer-ici-response-estimates:LUAD;current:cancer-ici-response-estimates:LUAD,2026-09-15
PMID:36645718,Whole-exome sequencing of rectal neuroendocrine tumors.,identifier_resolved_only,https://pubmed.ncbi.nlm.nih.gov/36645718/,baseline:cancer-tmb:NET_RECTAL;current:cancer-tmb:NET_RECTAL,2026-09-15
PMID:36808285,"Nivolumab with or without ipilimumab in pediatric patients with high-grade CNS malignancies: Safety, efficacy, biomarker, and pharmacokinetics-CheckMate 908.",identifier_resolved_only,https://pubmed.ncbi.nlm.nih.gov/36808285/,baseline:cancer-apd1-response:DIPG;baseline:cancer-apd1-response:EPN;baseline:cancer-apd1-response:MBL;baseline:cancer-ici-response-estimates:DIPG;baseline:cancer-ici-response-estimates:EPN;baseline:cancer-ici-response-estimates:MBL;baseline:cancer-ici-response:DIPG;baseline:cancer-ici-response:EPN;baseline:cancer-ici-response:MBL;current:cancer-apd1-response:DIPG;current:cancer-apd1-response:EPN;current:cancer-apd1-response:MBL;current:cancer-ici-response-estimates:DIPG;current:cancer-ici-response-estimates:EPN;current:cancer-ici-response-estimates:MBL;current:cancer-ici-response:DIPG;current:cancer-ici-response:EPN;current:cancer-ici-response:MBL,2026-09-15
PMID:37130017,Pembrolizumab in relapsed or refractory primary mediastinal large B-cell lymphoma: final analysis of KEYNOTE-170.,identifier_resolved_only,https://pubmed.ncbi.nlm.nih.gov/37130017/,baseline:cancer-apd1-response:PMBCL;baseline:cancer-ici-response-estimates:PMBCL;baseline:cancer-ici-response:PMBCL;current:cancer-apd1-response:PMBCL;current:cancer-ici-response-estimates:PMBCL;current:cancer-ici-response:PMBCL,2026-09-15
PMID:37429302,"Pembrolizumab in patients with rare and ultra-rare sarcomas (AcSé Pembrolizumab): analysis of a subgroup from a non-randomised, open-label, phase 2, basket trial.",identifier_resolved_only,https://pubmed.ncbi.nlm.nih.gov/37429302/,baseline:cancer-apd1-response:SARC_CHOR;baseline:cancer-apd1-response:SARC_DSRCT;baseline:cancer-apd1-response:SARC_EPITH;baseline:cancer-apd1-response:SARC_SMARCA4;baseline:cancer-ici-response-estimates:SARC_CHOR;baseline:cancer-ici-response-estimates:SARC_DSRCT;baseline:cancer-ici-response-estimates:SARC_EPITH;baseline:cancer-ici-response-estimates:SARC_SMARCA4;baseline:cancer-ici-response:SARC_CHOR;baseline:cancer-ici-response:SARC_DSRCT;baseline:cancer-ici-response:SARC_EPITH;baseline:cancer-ici-response:SARC_SMARCA4;current:cancer-apd1-response:SARC_CHOR;current:cancer-apd1-response:SARC_DSRCT;current:cancer-apd1-response:SARC_EPITH;current:cancer-apd1-response:SARC_SMARCA4;current:cancer-ici-response-estimates:SARC_CHOR;current:cancer-ici-response-estimates:SARC_DSRCT;current:cancer-ici-response-estimates:SARC_EPITH;current:cancer-ici-response-estimates:SARC_SMARCA4;current:cancer-ici-response:SARC_CHOR;current:cancer-ici-response:SARC_DSRCT;current:cancer-ici-response:SARC_EPITH;current:cancer-ici-response:SARC_SMARCA4,2026-09-15
PMID:37530622,Nivolumab for relapsed/refractory classical Hodgkin lymphoma: 5-year survival from the pivotal phase 2 CheckMate 205 study.,identifier_resolved_only,https://pubmed.ncbi.nlm.nih.gov/37530622/,current:cancer-apd1-response:HL;current:cancer-ici-response-estimates:HL;current:cancer-ici-response:HL,2026-09-15
PMID:37672694,Atezolizumab for Advanced Alveolar Soft Part Sarcoma.,identifier_resolved_only,https://pubmed.ncbi.nlm.nih.gov/37672694/,baseline:cancer-apd1-response:SARC_ASPS;baseline:cancer-ici-response-estimates:SARC_ASPS;baseline:cancer-ici-response:SARC_ASPS;current:cancer-apd1-response:SARC_ASPS;current:cancer-ici-response-estimates:SARC_ASPS;current:cancer-ici-response:SARC_ASPS,2026-09-15
PMID:37720428,Tumor mutation burden in gastro-entero-pancreatic-neuroendocrine neoplasms.,publisher_identity_checked,https://pubmed.ncbi.nlm.nih.gov/37720428/,baseline:cancer-tmb:NET_MIDGUT,2026-09-15
PMID:38844309,Nivolumab plus ipilimumab combination therapy in patients with advanced hepatocellular carcinoma previously treated with sorafenib: 5-year results from CheckMate 040.,identifier_resolved_only,https://pubmed.ncbi.nlm.nih.gov/38844309/,baseline:cancer-ici-response-estimates:LIHC;current:cancer-ici-response-estimates:LIHC,2026-09-15
PMID:38858106,"A non-comparative, randomized, phase II trial of atezolizumab or atezolizumab plus tiragolumab for programmed death-ligand 1-positive recurrent cervical cancer (SKYSCRAPER-04).",identifier_resolved_only,https://pubmed.ncbi.nlm.nih.gov/38858106/,baseline:cancer-ici-response-estimates:CESC;baseline:cancer-ici-response:CESC;current:cancer-ici-response-estimates:CESC;current:cancer-ici-response:CESC,2026-09-15
PMID:38892063,Chordoma: Genetics and Contemporary Management.,identifier_resolved_only,https://pubmed.ncbi.nlm.nih.gov/38892063/,baseline:cancer-tmb:SARC_CHOR;current:cancer-tmb:SARC_CHOR,2026-09-15
PMID:39067873,Phase II basket trial of Dual Anti-CTLA-4 and Anti-PD-1 blockade in Rare Tumors (DART) SWOG S1609: adrenocortical carcinoma cohort.,identifier_resolved_only,https://pubmed.ncbi.nlm.nih.gov/39067873/,baseline:cancer-apd1-response:ACC;baseline:cancer-ici-response-estimates:ACC;baseline:cancer-ici-response:ACC;current:cancer-apd1-response:ACC;current:cancer-ici-response-estimates:ACC;current:cancer-ici-response:ACC,2026-09-15
PMID:39343511,"A multicenter, randomized, non-comparative, phase II study of nivolumab ± ipilimumab for patients with metastatic sarcoma (Alliance A091401): expansion cohorts and correlative analyses.",identifier_resolved_only,https://pubmed.ncbi.nlm.nih.gov/39343511/,baseline:cancer-apd1-response:SARC_GIST;baseline:cancer-ici-response-estimates:SARC_GIST;baseline:cancer-ici-response:SARC_GIST;current:cancer-apd1-response:SARC_GIST;current:cancer-ici-response-estimates:SARC_GIST;current:cancer-ici-response:SARC_GIST,2026-09-15
PMID:39356983,Cancer Immunotherapy Trials Network 12: Pembrolizumab in HIV-Associated Kaposi Sarcoma.,identifier_resolved_only,https://pubmed.ncbi.nlm.nih.gov/39356983/,baseline:cancer-apd1-response:SARC_KS;baseline:cancer-ici-response-estimates:SARC_KS;baseline:cancer-ici-response:SARC_KS;current:cancer-apd1-response:SARC_KS;current:cancer-ici-response-estimates:SARC_KS;current:cancer-ici-response:SARC_KS,2026-09-15
PMID:39489749,Genomic and transcriptomic landscape of human gastrointestinal stromal tumors.,identifier_resolved_only,https://pubmed.ncbi.nlm.nih.gov/39489749/,baseline:cancer-tmb:SARC_GIST;current:cancer-tmb:SARC_GIST,2026-09-15
PMID:39631622,Pembrolizumab versus chemotherapy in microsatellite instability-high or mismatch repair-deficient metastatic colorectal cancer: 5-year follow-up from the randomized phase III KEYNOTE-177 study.,identifier_resolved_only,https://pubmed.ncbi.nlm.nih.gov/39631622/,baseline:cancer-ici-response-estimates:CRC_MSI;current:cancer-ici-response-estimates:CRC_MSI,2026-09-15
PMID:39802817,Brief Report: Clinical Characteristics and Outcomes of Patients With Thoracic SMARCA4-Deficient Undifferentiated Tumors.,identifier_resolved_only,https://pubmed.ncbi.nlm.nih.gov/39802817/,baseline:cancer-tmb:SARC_SMARCA4;current:cancer-tmb:SARC_SMARCA4,2026-09-15
PMID:39847999,Pembrolizumab in microsatellite instability-high/mismatch repair deficient (MSI-H/dMMR) and non-MSI-H/non-dMMR advanced endometrial cancer: Phase 2 KEYNOTE-158 study results.,identifier_resolved_only,https://pubmed.ncbi.nlm.nih.gov/39847999/,baseline:cancer-apd1-response:UCEC;baseline:cancer-apd1-response:UCEC_CNH;baseline:cancer-apd1-response:UCEC_CNL;baseline:cancer-apd1-response:UCEC_MSI;baseline:cancer-ici-response-estimates:UCEC_CNH;baseline:cancer-ici-response-estimates:UCEC_CNL;baseline:cancer-ici-response-estimates:UCEC_MSI;baseline:cancer-ici-response:UCEC;baseline:cancer-ici-response:UCEC_CNH;baseline:cancer-ici-response:UCEC_CNL;baseline:cancer-ici-response:UCEC_MSI;current:cancer-apd1-response:UCEC;current:cancer-apd1-response:UCEC_CNH;current:cancer-apd1-response:UCEC_CNL;current:cancer-apd1-response:UCEC_MSI;current:cancer-ici-response-estimates:UCEC_CNH;current:cancer-ici-response-estimates:UCEC_CNL;current:cancer-ici-response-estimates:UCEC_MSI;current:cancer-ici-response:UCEC;current:cancer-ici-response:UCEC_CNH;current:cancer-ici-response:UCEC_CNL;current:cancer-ici-response:UCEC_MSI,2026-09-15
PMID:39865420,POLE mutations in endometrial carcinoma: Clinical and genomic landscape from a large prospective single-center cohort.,identifier_resolved_only,https://pubmed.ncbi.nlm.nih.gov/39865420/,current:cancer-tmb:UCEC_POLE,2026-09-15
PMID:40117529,Genomic Characterization of Chondrosarcoma Reveals Potential Therapeutic Targets.,identifier_resolved_only,https://pubmed.ncbi.nlm.nih.gov/40117529/,baseline:cancer-tmb:SARC_CHON,2026-09-15
PMID:40166913,Phase II Study of Nivolumab and Ipilimumab for Treatment of Metastatic/Recurrent Adenoid Cystic Carcinoma (ACC) of all Anatomic Sites of Origin and Other Malignant Salivary Gland Tumors.,identifier_resolved_only,https://pubmed.ncbi.nlm.nih.gov/40166913/,baseline:cancer-ici-response-estimates:ADCC;current:cancer-ici-response-estimates:ADCC,2026-09-15
PMID:40588371,Phase II basket trial of Dual Anti-CTLA-4 and anti-PD-1 blockade in Rare Tumors (DART) SWOG S1609: pancreatic neuroendocrine neoplasm (PNEN) cohort.,identifier_resolved_only,https://pubmed.ncbi.nlm.nih.gov/40588371/,baseline:cancer-apd1-response:NET_PANCREAS;baseline:cancer-ici-response-estimates:NET_PANCREAS;baseline:cancer-ici-response:NET_PANCREAS;current:cancer-apd1-response:NET_PANCREAS;current:cancer-ici-response-estimates:NET_PANCREAS;current:cancer-ici-response:NET_PANCREAS,2026-09-15
PMID:40704901,Molecular Characterization of NUT Carcinoma: A Report from the NUT Carcinoma Registry.,identifier_resolved_only,https://pubmed.ncbi.nlm.nih.gov/40704901/,current:cancer-tmb:NUTM,2026-09-15
PMID:41760889,Pembrolizumab in advanced malignant peripheral nerve sheath tumors: a single-arm phase 2 trial.,identifier_resolved_only,https://pubmed.ncbi.nlm.nih.gov/41760889/,baseline:cancer-apd1-response:SARC_MPNST;baseline:cancer-ici-response-estimates:SARC_MPNST;baseline:cancer-ici-response:SARC_MPNST;current:cancer-apd1-response:SARC_MPNST;current:cancer-ici-response-estimates:SARC_MPNST;current:cancer-ici-response:SARC_MPNST,2026-09-15
