proteoform_id,member_symbol,member_gene_id,protein_length,n_members
BPY2/BPY2B/BPY2C,BPY2,ENSG00000183753,106,3
BPY2/BPY2B/BPY2C,BPY2B,ENSG00000183795,106,3
BPY2/BPY2B/BPY2C,BPY2C,ENSG00000185894,106,3
CDY1/CDY1B,CDY1,ENSG00000172288,554,2
CDY1/CDY1B,CDY1B,ENSG00000172352,554,2
CENPVL1/CENPVL2,CENPVL1,ENSG00000223591,272,2
CENPVL1/CENPVL2,CENPVL2,ENSG00000283093,272,2
CGB3/CGB5/CGB8,CGB3,ENSG00000104827,165,3
CGB3/CGB5/CGB8,CGB5,ENSG00000189052,165,3
CGB3/CGB5/CGB8,CGB8,ENSG00000213030,165,3
CT45A2/CT45A8/CT45A9,CT45A2,ENSG00000271449,189,3
CT45A2/CT45A8/CT45A9,CT45A8,ENSG00000278085,189,3
CT45A2/CT45A8/CT45A9,CT45A9,ENSG00000270946,189,3
CT45A5/CT45A6/CT45A7,CT45A5,ENSG00000228836,189,3
CT45A5/CT45A6/CT45A7,CT45A6,ENSG00000278289,189,3
CT45A5/CT45A6/CT45A7,CT45A7,ENSG00000273696,189,3
CT47A1/CT47A10/CT47A11/CT47A12/CT47A2/CT47A3/CT47A4/CT47A5/CT47A6/CT47A7/CT47A8/CT47A9,CT47A1,ENSG00000236371,288,12
CT47A1/CT47A10/CT47A11/CT47A12/CT47A2/CT47A3/CT47A4/CT47A5/CT47A6/CT47A7/CT47A8/CT47A9,CT47A10,ENSG00000224089,288,12
CT47A1/CT47A10/CT47A11/CT47A12/CT47A2/CT47A3/CT47A4/CT47A5/CT47A6/CT47A7/CT47A8/CT47A9,CT47A11,ENSG00000226929,288,12
CT47A1/CT47A10/CT47A11/CT47A12/CT47A2/CT47A3/CT47A4/CT47A5/CT47A6/CT47A7/CT47A8/CT47A9,CT47A12,ENSG00000226685,288,12
CT47A1/CT47A10/CT47A11/CT47A12/CT47A2/CT47A3/CT47A4/CT47A5/CT47A6/CT47A7/CT47A8/CT47A9,CT47A2,ENSG00000242362,288,12
CT47A1/CT47A10/CT47A11/CT47A12/CT47A2/CT47A3/CT47A4/CT47A5/CT47A6/CT47A7/CT47A8/CT47A9,CT47A3,ENSG00000236126,288,12
CT47A1/CT47A10/CT47A11/CT47A12/CT47A2/CT47A3/CT47A4/CT47A5/CT47A6/CT47A7/CT47A8/CT47A9,CT47A4,ENSG00000230594,288,12
CT47A1/CT47A10/CT47A11/CT47A12/CT47A2/CT47A3/CT47A4/CT47A5/CT47A6/CT47A7/CT47A8/CT47A9,CT47A5,ENSG00000237957,288,12
CT47A1/CT47A10/CT47A11/CT47A12/CT47A2/CT47A3/CT47A4/CT47A5/CT47A6/CT47A7/CT47A8/CT47A9,CT47A6,ENSG00000226023,288,12
CT47A1/CT47A10/CT47A11/CT47A12/CT47A2/CT47A3/CT47A4/CT47A5/CT47A6/CT47A7/CT47A8/CT47A9,CT47A7,ENSG00000228517,288,12
CT47A1/CT47A10/CT47A11/CT47A12/CT47A2/CT47A3/CT47A4/CT47A5/CT47A6/CT47A7/CT47A8/CT47A9,CT47A8,ENSG00000230347,288,12
CT47A1/CT47A10/CT47A11/CT47A12/CT47A2/CT47A3/CT47A4/CT47A5/CT47A6/CT47A7/CT47A8/CT47A9,CT47A9,ENSG00000226600,288,12
CTAG1A/CTAG1B,CTAG1A,ENSG00000268651,180,2
CTAG1A/CTAG1B,CTAG1B,ENSG00000184033,180,2
CXorf49/CXorf49B,CXorf49,ENSG00000215115,514,2
CXorf49/CXorf49B,CXorf49B,ENSG00000215113,514,2
CXorf51A/CXorf51B,CXorf51A,ENSG00000224440,108,2
CXorf51A/CXorf51B,CXorf51B,ENSG00000235699,108,2
DEFB104A/DEFB104B,DEFB104A,ENSG00000176782,72,2
DEFB104A/DEFB104B,DEFB104B,ENSG00000177023,72,2
DEFB105A/DEFB105B,DEFB105A,ENSG00000186562,78,2
DEFB105A/DEFB105B,DEFB105B,ENSG00000186599,78,2
DEFB106A/DEFB106B,DEFB106A,ENSG00000186579,65,2
DEFB106A/DEFB106B,DEFB106B,ENSG00000187082,65,2
DEFB107A/DEFB107B,DEFB107A,ENSG00000186572,70,2
DEFB107A/DEFB107B,DEFB107B,ENSG00000198129,70,2
DEFB130A/DEFB130B,DEFB130A,ENSG00000232948,79,2
DEFB130A/DEFB130B,DEFB130B,ENSG00000233050,79,2
DMRTC1/DMRTC1B,DMRTC1,ENSG00000269502,192,2
DMRTC1/DMRTC1B,DMRTC1B,ENSG00000184911,192,2
FAM236A/FAM236B,FAM236A,ENSG00000275520,79,2
FAM236A/FAM236B,FAM236B,ENSG00000268994,79,2
FAM25C/FAM25G,FAM25C,ENSG00000276430,89,2
FAM25C/FAM25G,FAM25G,ENSG00000189090,89,2
GAGE12C/GAGE12D/GAGE12E,GAGE12C,ENSG00000237671,117,3
GAGE12C/GAGE12D/GAGE12E,GAGE12D,ENSG00000227488,117,3
GAGE12C/GAGE12D/GAGE12E,GAGE12E,ENSG00000216649,117,3
GAGE12F/GAGE12G,GAGE12F,ENSG00000236362,117,2
GAGE12F/GAGE12G,GAGE12G,ENSG00000215269,117,2
HSFY1/HSFY2,HSFY1,ENSG00000172468,401,2
HSFY1/HSFY2,HSFY2,ENSG00000169953,401,2
MAGEA2/MAGEA2B,MAGEA2,ENSG00000268606,314,2
MAGEA2/MAGEA2B,MAGEA2B,ENSG00000183305,314,2
MAGEA9/MAGEA9B,MAGEA9,ENSG00000123584,315,2
MAGEA9/MAGEA9B,MAGEA9B,ENSG00000267978,315,2
NXF2/NXF2B,NXF2,ENSG00000269405,626,2
NXF2/NXF2B,NXF2B,ENSG00000269437,626,2
POTEB/POTEB2,POTEB,ENSG00000233917,544,2
POTEB/POTEB2,POTEB2,ENSG00000230031,544,2
PRR20A/PRR20B/PRR20C/PRR20D/PRR20E,PRR20A,ENSG00000204919,221,5
PRR20A/PRR20B/PRR20C/PRR20D/PRR20E,PRR20B,ENSG00000204918,221,5
PRR20A/PRR20B/PRR20C/PRR20D/PRR20E,PRR20C,ENSG00000229665,221,5
PRR20A/PRR20B/PRR20C/PRR20D/PRR20E,PRR20D,ENSG00000227151,221,5
PRR20A/PRR20B/PRR20C/PRR20D/PRR20E,PRR20E,ENSG00000234278,221,5
PRR23D1/PRR23D2,PRR23D1,ENSG00000255251,279,2
PRR23D1/PRR23D2,PRR23D2,ENSG00000255378,279,2
RBMY1F/RBMY1J,RBMY1F,ENSG00000169800,496,2
RBMY1F/RBMY1J,RBMY1J,ENSG00000226941,496,2
SPACA5/SPACA5B,SPACA5,ENSG00000171489,159,2
SPACA5/SPACA5B,SPACA5B,ENSG00000171478,159,2
SPANXA1/SPANXA2,SPANXA1,ENSG00000198021,97,2
SPANXA1/SPANXA2,SPANXA2,ENSG00000203926,97,2
SSX2/SSX2B,SSX2,ENSG00000241476,223,2
SSX2/SSX2B,SSX2B,ENSG00000268447,223,2
SSX4/SSX4B,SSX4,ENSG00000268009,188,2
SSX4/SSX4B,SSX4B,ENSG00000269791,188,2
TP53TG3B/TP53TG3C/TP53TG3D,TP53TG3B,ENSG00000261509,132,3
TP53TG3B/TP53TG3C/TP53TG3D,TP53TG3C,ENSG00000205457,132,3
TP53TG3B/TP53TG3C/TP53TG3D,TP53TG3D,ENSG00000205456,132,3
TSPY10/TSPY3,TSPY10,ENSG00000236424,308,2
TSPY10/TSPY3,TSPY3,ENSG00000228927,308,2
TUBA3C/TUBA3D,TUBA3C,ENSG00000198033,450,2
TUBA3C/TUBA3D,TUBA3D,ENSG00000075886,450,2
VCY/VCY1B,VCY,ENSG00000129864,125,2
VCY/VCY1B,VCY1B,ENSG00000129862,125,2
XAGE1A/XAGE1B,XAGE1A,ENSG00000204379,81,2
XAGE1A/XAGE1B,XAGE1B,ENSG00000204382,81,2
