source_a,source_b,candidate_overlap,default_overlap
Wang 2016,Wang 2016,994,408
Wang 2016,Bruggeman 2018,122,29
Wang 2016,da Silva 2017 · CT,489,304
Wang 2016,da Silva 2017 · testis-biased,550,349
Wang 2016,Jamin 2021,101,36
Wang 2016,Chang 2019 · TGCT,864,367
Wang 2016,Carter 2023,82,67
Wang 2016,Seager 2024 · panel,10,10
Wang 2016,Gong 2021,9,7
Wang 2016,Bradley 2020,2,1
Wang 2016,CTpedia,138,126
Wang 2016,CTexploreR,107,93
Wang 2016,daSilva2017_protein,81,51
Wang 2016,placental_antigen,2,2
Bruggeman 2018,Wang 2016,122,29
Bruggeman 2018,Bruggeman 2018,692,40
Bruggeman 2018,da Silva 2017 · CT,57,27
Bruggeman 2018,da Silva 2017 · testis-biased,58,27
Bruggeman 2018,Jamin 2021,68,12
Bruggeman 2018,Chang 2019 · TGCT,122,29
Bruggeman 2018,Carter 2023,15,12
Bruggeman 2018,Seager 2024 · panel,2,2
Bruggeman 2018,Gong 2021,4,1
Bruggeman 2018,Bradley 2020,3,0
Bruggeman 2018,CTpedia,19,17
Bruggeman 2018,CTexploreR,23,15
Bruggeman 2018,daSilva2017_protein,24,11
Bruggeman 2018,placental_antigen,0,0
da Silva 2017 · CT,Wang 2016,489,304
da Silva 2017 · CT,Bruggeman 2018,57,27
da Silva 2017 · CT,da Silva 2017 · CT,726,375
da Silva 2017 · CT,da Silva 2017 · testis-biased,726,375
da Silva 2017 · CT,Jamin 2021,62,35
da Silva 2017 · CT,Chang 2019 · TGCT,443,300
da Silva 2017 · CT,Carter 2023,73,63
da Silva 2017 · CT,Seager 2024 · panel,11,10
da Silva 2017 · CT,Gong 2021,9,7
da Silva 2017 · CT,Bradley 2020,1,0
da Silva 2017 · CT,CTpedia,137,125
da Silva 2017 · CT,CTexploreR,108,89
da Silva 2017 · CT,daSilva2017_protein,109,53
da Silva 2017 · CT,placental_antigen,2,0
da Silva 2017 · testis-biased,Wang 2016,550,349
da Silva 2017 · testis-biased,Bruggeman 2018,58,27
da Silva 2017 · testis-biased,da Silva 2017 · CT,726,375
da Silva 2017 · testis-biased,da Silva 2017 · testis-biased,1066,515
da Silva 2017 · testis-biased,Jamin 2021,76,47
da Silva 2017 · testis-biased,Chang 2019 · TGCT,543,385
da Silva 2017 · testis-biased,Carter 2023,81,70
da Silva 2017 · testis-biased,Seager 2024 · panel,12,11
da Silva 2017 · testis-biased,Gong 2021,13,8
da Silva 2017 · testis-biased,Bradley 2020,1,0
da Silva 2017 · testis-biased,CTpedia,187,173
da Silva 2017 · testis-biased,CTexploreR,138,119
da Silva 2017 · testis-biased,daSilva2017_protein,134,70
da Silva 2017 · testis-biased,placental_antigen,4,1
Jamin 2021,Wang 2016,101,36
Jamin 2021,Bruggeman 2018,68,12
Jamin 2021,da Silva 2017 · CT,62,35
Jamin 2021,da Silva 2017 · testis-biased,76,47
Jamin 2021,Jamin 2021,481,55
Jamin 2021,Chang 2019 · TGCT,96,32
Jamin 2021,Carter 2023,16,14
Jamin 2021,Seager 2024 · panel,9,9
Jamin 2021,Gong 2021,3,2
Jamin 2021,Bradley 2020,2,0
Jamin 2021,CTpedia,41,38
Jamin 2021,CTexploreR,39,32
Jamin 2021,daSilva2017_protein,26,21
Jamin 2021,placental_antigen,1,0
Chang 2019 · TGCT,Wang 2016,864,367
Chang 2019 · TGCT,Bruggeman 2018,122,29
Chang 2019 · TGCT,da Silva 2017 · CT,443,300
Chang 2019 · TGCT,da Silva 2017 · testis-biased,543,385
Chang 2019 · TGCT,Jamin 2021,96,32
Chang 2019 · TGCT,Chang 2019 · TGCT,986,449
Chang 2019 · TGCT,Carter 2023,89,75
Chang 2019 · TGCT,Seager 2024 · panel,9,9
Chang 2019 · TGCT,Gong 2021,4,3
Chang 2019 · TGCT,Bradley 2020,1,0
Chang 2019 · TGCT,CTpedia,135,125
Chang 2019 · TGCT,CTexploreR,102,87
Chang 2019 · TGCT,daSilva2017_protein,72,46
Chang 2019 · TGCT,placental_antigen,0,0
Carter 2023,Wang 2016,82,67
Carter 2023,Bruggeman 2018,15,12
Carter 2023,da Silva 2017 · CT,73,63
Carter 2023,da Silva 2017 · testis-biased,81,70
Carter 2023,Jamin 2021,16,14
Carter 2023,Chang 2019 · TGCT,89,75
Carter 2023,Carter 2023,103,86
Carter 2023,Seager 2024 · panel,6,6
Carter 2023,Gong 2021,2,2
Carter 2023,Bradley 2020,0,0
Carter 2023,CTpedia,42,41
Carter 2023,CTexploreR,38,35
Carter 2023,daSilva2017_protein,19,17
Carter 2023,placental_antigen,0,0
Seager 2024 · panel,Wang 2016,10,10
Seager 2024 · panel,Bruggeman 2018,2,2
Seager 2024 · panel,da Silva 2017 · CT,11,10
Seager 2024 · panel,da Silva 2017 · testis-biased,12,11
Seager 2024 · panel,Jamin 2021,9,9
Seager 2024 · panel,Chang 2019 · TGCT,9,9
Seager 2024 · panel,Carter 2023,6,6
Seager 2024 · panel,Seager 2024 · panel,15,13
Seager 2024 · panel,Gong 2021,1,1
Seager 2024 · panel,Bradley 2020,0,0
Seager 2024 · panel,CTpedia,12,12
Seager 2024 · panel,CTexploreR,13,12
Seager 2024 · panel,daSilva2017_protein,7,6
Seager 2024 · panel,placental_antigen,0,0
Gong 2021,Wang 2016,9,7
Gong 2021,Bruggeman 2018,4,1
Gong 2021,da Silva 2017 · CT,9,7
Gong 2021,da Silva 2017 · testis-biased,13,8
Gong 2021,Jamin 2021,3,2
Gong 2021,Chang 2019 · TGCT,4,3
Gong 2021,Carter 2023,2,2
Gong 2021,Seager 2024 · panel,1,1
Gong 2021,Gong 2021,70,27
Gong 2021,Bradley 2020,7,1
Gong 2021,CTpedia,14,14
Gong 2021,CTexploreR,2,2
Gong 2021,daSilva2017_protein,2,1
Gong 2021,placental_antigen,16,8
Bradley 2020,Wang 2016,2,1
Bradley 2020,Bruggeman 2018,3,0
Bradley 2020,da Silva 2017 · CT,1,0
Bradley 2020,da Silva 2017 · testis-biased,1,0
Bradley 2020,Jamin 2021,2,0
Bradley 2020,Chang 2019 · TGCT,1,0
Bradley 2020,Carter 2023,0,0
Bradley 2020,Seager 2024 · panel,0,0
Bradley 2020,Gong 2021,7,1
Bradley 2020,Bradley 2020,10,1
Bradley 2020,CTpedia,1,1
Bradley 2020,CTexploreR,0,0
Bradley 2020,daSilva2017_protein,0,0
Bradley 2020,placental_antigen,2,0
CTpedia,Wang 2016,138,126
CTpedia,Bruggeman 2018,19,17
CTpedia,da Silva 2017 · CT,137,125
CTpedia,da Silva 2017 · testis-biased,187,173
CTpedia,Jamin 2021,41,38
CTpedia,Chang 2019 · TGCT,135,125
CTpedia,Carter 2023,42,41
CTpedia,Seager 2024 · panel,12,12
CTpedia,Gong 2021,14,14
CTpedia,Bradley 2020,1,1
CTpedia,CTpedia,209,186
CTpedia,CTexploreR,77,72
CTpedia,daSilva2017_protein,35,35
CTpedia,placental_antigen,0,0
CTexploreR,Wang 2016,107,93
CTexploreR,Bruggeman 2018,23,15
CTexploreR,da Silva 2017 · CT,108,89
CTexploreR,da Silva 2017 · testis-biased,138,119
CTexploreR,Jamin 2021,39,32
CTexploreR,Chang 2019 · TGCT,102,87
CTexploreR,Carter 2023,38,35
CTexploreR,Seager 2024 · panel,13,12
CTexploreR,Gong 2021,2,2
CTexploreR,Bradley 2020,0,0
CTexploreR,CTpedia,77,72
CTexploreR,CTexploreR,153,132
CTexploreR,daSilva2017_protein,48,33
CTexploreR,placental_antigen,0,0
daSilva2017_protein,Wang 2016,81,51
daSilva2017_protein,Bruggeman 2018,24,11
daSilva2017_protein,da Silva 2017 · CT,109,53
daSilva2017_protein,da Silva 2017 · testis-biased,134,70
daSilva2017_protein,Jamin 2021,26,21
daSilva2017_protein,Chang 2019 · TGCT,72,46
daSilva2017_protein,Carter 2023,19,17
daSilva2017_protein,Seager 2024 · panel,7,6
daSilva2017_protein,Gong 2021,2,1
daSilva2017_protein,Bradley 2020,0,0
daSilva2017_protein,CTpedia,35,35
daSilva2017_protein,CTexploreR,48,33
daSilva2017_protein,daSilva2017_protein,135,70
daSilva2017_protein,placental_antigen,0,0
placental_antigen,Wang 2016,2,2
placental_antigen,Bruggeman 2018,0,0
placental_antigen,da Silva 2017 · CT,2,0
placental_antigen,da Silva 2017 · testis-biased,4,1
placental_antigen,Jamin 2021,1,0
placental_antigen,Chang 2019 · TGCT,0,0
placental_antigen,Carter 2023,0,0
placental_antigen,Seager 2024 · panel,0,0
placental_antigen,Gong 2021,16,8
placental_antigen,Bradley 2020,2,0
placental_antigen,CTpedia,0,0
placental_antigen,CTexploreR,0,0
placental_antigen,daSilva2017_protein,0,0
placental_antigen,placental_antigen,19,9
